,pattern,allele,cluster,number_cmv_neg,number_cmv_pos,cohort,Mann.Wh_pvalue,fdr
1,SVRS,HLA-A*02,HLA-A*02 SVRS,117,75,emerson,0.139560431,0.919387057
2,IRA,HLA-A*02,HLA-A*02 IRA,117,75,emerson,0.349610256,0.919387057
3,STRS,HLA-A*02,HLA-A*02 STRS,117,75,emerson,0.933021613,0.971540854
4,IRS,HLA-A*02,HLA-A*02 IRS,117,75,emerson,0.424536469,0.919387057
5,SIRS,HLA-A*02,HLA-A*02 SIRS,117,75,emerson,0.424536469,0.919387057
6,IRST,HLA-A*02,HLA-A*02 IRST,117,75,emerson,0.589578693,0.919387057
7,SSRS,HLA-A*02,HLA-A*02 SSRS,117,75,emerson,0.938459334,0.972740953
8,SIRS%YE,HLA-A*02,HLA-A*02 SIRS%YE,117,75,emerson,0.557700837,0.919387057
9,SIRS%YE,HLA-B*44,HLA-B*44 SIRS%YE,59,37,emerson,0.741937356,0.919387057
10,IRSA,HLA-A*02,HLA-A*02 IRSA,117,75,emerson,0.264215854,0.919387057
11,IRSA,HLA-B*44,HLA-B*44 IRSA,59,37,emerson,0.453058769,0.919387057
12,MRS,HLA-A*02,HLA-A*02 MRS,117,75,emerson,0.598922839,0.919387057
13,IRSS,HLA-A*02,HLA-A*02 IRSS,117,75,emerson,0.700288786,0.919387057
14,IRSS,HLA-B*44,HLA-B*44 IRSS,59,37,emerson,0.547028475,0.919387057
15,SIRA,HLA-A*02,HLA-A*02 SIRA,117,75,emerson,0.349610256,0.919387057
16,SIRSG%E,HLA-A*02,HLA-A*02 SIRSG%E,117,75,emerson,0.181834068,0.919387057
17,SIRSS%E,HLA-A*02,HLA-A*02 SIRSS%E,117,75,emerson,0.687215056,0.919387057
18,SIRSS%E,HLA-B*44,HLA-B*44 SIRSS%E,59,37,emerson,0.665766162,0.919387057
19,SMR,HLA-A*02,HLA-A*02 SMR,117,75,emerson,0.658537293,0.919387057
20,SMRS,HLA-A*02,HLA-A*02 SMRS,117,75,emerson,0.598922839,0.919387057
21,RSAY,HLA-A*02,HLA-A*02 RSAY,117,75,emerson,0.190109682,0.919387057
22,SIR,HLA-A*02,HLA-A*02 SIR,117,75,emerson,0.296736779,0.919387057
23,IRSG,HLA-A*02,HLA-A*02 IRSG,117,75,emerson,0.115350271,0.919387057
24,S%RSSYE,HLA-A*02,HLA-A*02 S%RSSYE,117,75,emerson,0.50404948,0.919387057
25,SARS,HLA-A*02,HLA-A*02 SARS,117,75,emerson,0.459719817,0.919387057
26,S%RSTGE,HLA-A*03,HLA-A*03 S%RSTGE,70,36,emerson,0.83315651,0.949362716
27,S%RSTGE,HLA-B*07,HLA-B*07 S%RSTGE,68,34,emerson,0.641428834,0.919387057
28,S%RSTGE,HLA-A*02,HLA-A*02 S%RSTGE,117,75,emerson,0.504937304,0.919387057
29,IRAA,HLA-B*07,HLA-B*07 IRAA,68,34,emerson,0.728115426,0.919387057
30,IRAA,HLA-A*02,HLA-A*02 IRAA,117,75,emerson,0.832139659,0.949362716
31,MRSG,HLA-A*02,HLA-A*02 MRSG,117,75,emerson,0.837504419,0.949362716
32,RSAD,HLA-A*02,HLA-A*02 RSAD,117,75,emerson,0.320963805,0.919387057
33,S%RSGET,HLA-A*02,HLA-A*02 S%RSGET,117,75,emerson,0.556593886,0.919387057
34,MRSS,HLA-A*02,HLA-A*02 MRSS,117,75,emerson,0.00733472,0.919387057
35,SIIS,HLA-A*02,HLA-A*02 SIIS,117,75,emerson,0.151114309,0.919387057
36,TRSS,HLA-A*02,HLA-A*02 TRSS,117,75,emerson,0.690377487,0.919387057
37,S%RSGVE,HLA-A*02,HLA-A*02 S%RSGVE,117,75,emerson,0.613034299,0.919387057
38,SIRSA%E,HLA-A*02,HLA-A*02 SIRSA%E,117,75,emerson,0.248848767,0.919387057
39,SIRSA%E,HLA-B*44,HLA-B*44 SIRSA%E,59,37,emerson,0.733487023,0.919387057
40,S%RSADT,HLA-A*02,HLA-A*02 S%RSADT,117,75,emerson,0.201105745,0.919387057
41,S%RSSGE,HLA-A*02,HLA-A*02 S%RSSGE,117,75,emerson,0.611449465,0.919387057
42,S%RSSDT,HLA-A*02,HLA-A*02 S%RSSDT,117,75,emerson,0.731147301,0.919387057
43,IRAS,HLA-A*02,HLA-A*02 IRAS,117,75,emerson,0.586252491,0.919387057
44,SIR%SYE,HLA-A*02,HLA-A*02 SIR%SYE,117,75,emerson,0.677757954,0.919387057
45,S%RSAYE,HLA-A*02,HLA-A*02 S%RSAYE,117,75,emerson,0.208057707,0.919387057
46,RSSD,HLA-A*02,HLA-A*02 RSSD,117,75,emerson,0.579812333,0.919387057
47,SIG%YG,HLA-A*02,HLA-A*02 SIG%YG,117,75,emerson,0.496908284,0.919387057
48,STG%YG,HLA-A*02,HLA-A*02 STG%YG,117,75,emerson,0.453658197,0.919387057
49,%IRSSYE,HLA-A*02,HLA-A*02 %IRSSYE,117,75,emerson,0.732772985,0.919387057
50,%IRSSYE,HLA-B*44,HLA-B*44 %IRSSYE,59,37,emerson,0.805730576,0.948380438
51,SIRS%DT,HLA-A*02,HLA-A*02 SIRS%DT,117,75,emerson,0.627453044,0.919387057
52,VRSS,HLA-A*02,HLA-A*02 VRSS,117,75,emerson,0.552808784,0.919387057
53,SII,HLA-A*02,HLA-A*02 SII,117,75,emerson,0.151114309,0.919387057
54,TRST,HLA-A*02,HLA-A*02 TRST,117,75,emerson,0.471467208,0.919387057
55,SIGV,HLA-A*02,HLA-A*02 SIGV,117,75,emerson,0.325239558,0.919387057
56,SQRS,HLA-A*02,HLA-A*02 SQRS,117,75,emerson,0.379425453,0.919387057
57,SIRAG%E,HLA-A*02,HLA-A*02 SIRAG%E,117,75,emerson,0.910031189,0.971540854
58,SIRS%HE,HLA-A*02,HLA-A*02 SIRS%HE,117,75,emerson,0.399850679,0.919387057
59,SKRS,HLA-A*02,HLA-A*02 SKRS,117,75,emerson,0.386158295,0.919387057
60,SIRS%GE,HLA-A*02,HLA-A*02 SIRS%GE,117,75,emerson,0.680788775,0.919387057
61,SI%SSYE,HLA-A*02,HLA-A*02 SI%SSYE,117,75,emerson,0.755013929,0.919387057
62,SI%SSYE,HLA-B*44,HLA-B*44 SI%SSYE,59,37,emerson,0.747307029,0.919387057
63,SIRSSY%,HLA-A*02,HLA-A*02 SIRSSY%,117,75,emerson,0.732772985,0.919387057
64,SIRSSY%,HLA-B*44,HLA-B*44 SIRSSY%,59,37,emerson,0.7938545,0.943481526
65,IRAG,HLA-A*02,HLA-A*02 IRAG,117,75,emerson,0.75267183,0.919387057
66,S%RSAGE,HLA-A*02,HLA-A*02 S%RSAGE,117,75,emerson,0.750973564,0.919387057
67,IIS,HLA-A*02,HLA-A*02 IIS,117,75,emerson,0.151114309,0.919387057
68,SMRSG%E,HLA-A*02,HLA-A*02 SMRSG%E,117,75,emerson,0.944833393,0.974896273
69,RSGV,HLA-A*02,HLA-A*02 RSGV,117,75,emerson,0.494852003,0.919387057
70,MRSA,HLA-A*02,HLA-A*02 MRSA,117,75,emerson,0.376729538,0.919387057
71,SIRST%T,HLA-A*02,HLA-A*02 SIRST%T,117,75,emerson,0.760110585,0.919387057
72,SIRAA%E,HLA-B*07,HLA-B*07 SIRAA%E,68,34,emerson,0.74518733,0.919387057
73,SIRAA%E,HLA-A*02,HLA-A*02 SIRAA%E,117,75,emerson,0.673478966,0.919387057
74,SIG%HG,HLA-A*02,HLA-A*02 SIG%HG,117,75,emerson,0.388721252,0.919387057
75,SIRST%E,HLA-B*07,HLA-B*07 SIRST%E,68,34,emerson,0.325058111,0.919387057
76,SIRST%E,HLA-A*02,HLA-A*02 SIRST%E,117,75,emerson,0.983376989,1
77,IFSG,HLA-B*08,HLA-B*08 IFSG,65,31,emerson,0.572853407,0.919387057
78,SIR%AYE,HLA-A*02,HLA-A*02 SIR%AYE,117,75,emerson,0.65456938,0.919387057
79,SIRSTE%,HLA-A*02,HLA-A*02 SIRSTE%,117,75,emerson,0.382858327,0.919387057
80,SIRS%VE,HLA-A*02,HLA-A*02 SIRS%VE,117,75,emerson,0.892570986,0.971540854
81,SIRS%WE,HLA-B*07,HLA-B*07 SIRS%WE,68,34,emerson,0.220663969,0.919387057
82,S%RATDT,HLA-B*07,HLA-B*07 S%RATDT,68,34,emerson,0.177578491,0.919387057
83,TRSA,HLA-A*02,HLA-A*02 TRSA,117,75,emerson,0.924400346,0.971540854
84,STRSS%E,HLA-A*02,HLA-A*02 STRSS%E,117,75,emerson,0.919301527,0.971540854
85,SIRA%YE,HLA-A*02,HLA-A*02 SIRA%YE,117,75,emerson,0.289574035,0.919387057
86,STRS%YE,HLA-A*02,HLA-A*02 STRS%YE,117,75,emerson,0.684734696,0.919387057
87,IRSD,HLA-A*02,HLA-A*02 IRSD,117,75,emerson,0.510597687,0.919387057
88,IYSG,HLA-A*02,HLA-A*02 IYSG,117,75,emerson,0.025400586,0.919387057
89,SIRS%ET,HLA-A*02,HLA-A*02 SIRS%ET,117,75,emerson,0.891210445,0.971540854
90,SSRS%GE,HLA-A*02,HLA-A*02 SSRS%GE,117,75,emerson,0.475715527,0.919387057
91,S%RSSQP,HLA-A*02,HLA-A*02 S%RSSQP,117,75,emerson,0.428854259,0.919387057
92,SVRS%YE,HLA-A*02,HLA-A*02 SVRS%YE,117,75,emerson,0.395643594,0.919387057
93,SIR%GVE,HLA-A*02,HLA-A*02 SIR%GVE,117,75,emerson,0.907805203,0.971540854
94,SMRSS%E,HLA-A*02,HLA-A*02 SMRSS%E,117,75,emerson,0.013332304,0.919387057
95,SSRS%DT,HLA-A*02,HLA-A*02 SSRS%DT,117,75,emerson,0.638921823,0.919387057
96,SSRSS%E,HLA-A*02,HLA-A*02 SSRSS%E,117,75,emerson,0.653337509,0.919387057
97,SSRSS%E,HLA-B*44,HLA-B*44 SSRSS%E,59,37,emerson,0.465306366,0.919387057
98,SYRS,HLA-A*24,HLA-A*24 SYRS,55,36,emerson,0.124567613,0.919387057
99,S%RSGYE,HLA-A*02,HLA-A*02 S%RSGYE,117,75,emerson,0.153574104,0.919387057
100,SGRS%GE,HLA-A*02,HLA-A*02 SGRS%GE,117,75,emerson,0.562918744,0.919387057
101,SIRAS%E,HLA-A*02,HLA-A*02 SIRAS%E,117,75,emerson,0.588242845,0.919387057
102,SIRSTD%,HLA-B*07,HLA-B*07 SIRSTD%,68,34,emerson,0.400718101,0.919387057
103,SIRSTD%,HLA-A*02,HLA-A*02 SIRSTD%,117,75,emerson,0.829786395,0.949362716
104,SMG%YG,HLA-B*44,HLA-B*44 SMG%YG,59,37,emerson,0.173153065,0.919387057
105,QRST,HLA-A*02,HLA-A*02 QRST,117,75,emerson,0.368378435,0.919387057
106,ST%STDT,HLA-A*02,HLA-A*02 ST%STDT,117,75,emerson,0.234257025,0.919387057
107,S%RSGNE,HLA-A*24,HLA-A*24 S%RSGNE,55,36,emerson,0.66927658,0.919387057
108,MRST,HLA-A*02,HLA-A*02 MRST,117,75,emerson,0.692745539,0.919387057
109,STYS,HLA-A*02,HLA-A*02 STYS,117,75,emerson,0.275673595,0.919387057
110,SGRS%DT,HLA-A*02,HLA-A*02 SGRS%DT,117,75,emerson,0.355719753,0.919387057
111,SGRS%DT,HLA-B*44,HLA-B*44 SGRS%DT,59,37,emerson,0.230067454,0.919387057
112,S%GLYG,HLA-B*44,HLA-B*44 S%GLYG,59,37,emerson,0.706540923,0.919387057
113,SMRS%DT,HLA-A*02,HLA-A*02 SMRS%DT,117,75,emerson,0.914886197,0.971540854
114,S%RAGET,HLA-B*44,HLA-B*44 S%RAGET,59,37,emerson,0.194273166,0.919387057
115,S%RSSSE,HLA-A*24,HLA-A*24 S%RSSSE,55,36,emerson,0.76143069,0.919387057
116,S%RSDEK,HLA-A*02,HLA-A*02 S%RSDEK,117,75,emerson,0.894841453,0.971540854
117,STRS%DT,HLA-A*02,HLA-A*02 STRS%DT,117,75,emerson,0.483810347,0.919387057
118,STRST%E,HLA-A*02,HLA-A*02 STRST%E,117,75,emerson,0.222200538,0.919387057
119,SIRS%QP,HLA-A*02,HLA-A*02 SIRS%QP,117,75,emerson,0.073066869,0.919387057
120,SIGV%G,HLA-A*02,HLA-A*02 SIGV%G,117,75,emerson,0.333992869,0.919387057
121,SMRSA%E,HLA-A*02,HLA-A*02 SMRSA%E,117,75,emerson,0.861132255,0.96770803
122,SIGI,HLA-A*02,HLA-A*02 SIGI,117,75,emerson,0.466600189,0.919387057
123,SIGI,HLA-B*44,HLA-B*44 SIGI,59,37,emerson,0.538486216,0.919387057
124,SAHE,HLA-A*03,HLA-A*03 SAHE,70,36,emerson,0.214105427,0.919387057
125,SAHE,HLA-B*07,HLA-B*07 SAHE,68,34,emerson,0.990324785,1
126,SVRSS%E,HLA-A*02,HLA-A*02 SVRSS%E,117,75,emerson,0.578330972,0.919387057
127,SMRS%GE,HLA-A*02,HLA-A*02 SMRS%GE,117,75,emerson,0.739672384,0.919387057
128,SIRSD%E,HLA-A*02,HLA-A*02 SIRSD%E,117,75,emerson,0.279641321,0.919387057
129,SIRS%DE,HLA-A*02,HLA-A*02 SIRS%DE,117,75,emerson,1,1
130,IRGS,HLA-A*01,HLA-A*01 IRGS,86,40,emerson,0.068806833,0.919387057
131,RSSQ,HLA-A*02,HLA-A*02 RSSQ,117,75,emerson,0.428854259,0.919387057
132,KRST,HLA-A*02,HLA-A*02 KRST,117,75,emerson,0.210071238,0.919387057
133,SIRA%DT,HLA-B*44,HLA-B*44 SIRA%DT,59,37,emerson,0.243383356,0.919387057
134,SIR%TDT,HLA-A*02,HLA-A*02 SIR%TDT,117,75,emerson,0.840246112,0.949362716
135,SILA,HLA-B*08,HLA-B*08 SILA,65,31,emerson,0.653425039,0.919387057
136,IISG,HLA-A*02,HLA-A*02 IISG,117,75,emerson,0.74362441,0.919387057
137,LIYP,HLA-A*01,HLA-A*01 LIYP,86,40,emerson,0.452887233,0.919387057
138,SSRS%YE,HLA-A*02,HLA-A*02 SSRS%YE,117,75,emerson,0.746818109,0.919387057
139,SHRS,HLA-B*44,HLA-B*44 SHRS,59,37,emerson,0.239708812,0.919387057
140,SLI%PGE,HLA-B*08,HLA-B*08 SLI%PGE,65,31,emerson,0.744735295,0.919387057
141,SIR%SDT,HLA-A*02,HLA-A*02 SIR%SDT,117,75,emerson,0.828258796,0.949362716
142,SVRSSY%,HLA-A*02,HLA-A*02 SVRSSY%,117,75,emerson,0.578330972,0.919387057
143,SIRSS%T,HLA-A*02,HLA-A*02 SIRSS%T,117,75,emerson,0.195915048,0.919387057
144,SIRSSE%,HLA-A*02,HLA-A*02 SIRSSE%,117,75,emerson,0.282081259,0.919387057
145,SIRSSE%,HLA-B*44,HLA-B*44 SIRSSE%,59,37,emerson,0.25084513,0.919387057
146,SIRSSD%,HLA-A*02,HLA-A*02 SIRSSD%,117,75,emerson,0.706501781,0.919387057
147,SIYSG%YNE,HLA-A*02,HLA-A*02 SIYSG%YNE,117,75,emerson,0.037327172,0.919387057
148,SMR%AYE,HLA-A*02,HLA-A*02 SMR%AYE,117,75,emerson,0.721438801,0.919387057
149,SMR%AYE,HLA-B*44,HLA-B*44 SMR%AYE,59,37,emerson,0.698720438,0.919387057
150,SIR%SVE,HLA-A*02,HLA-A*02 SIR%SVE,117,75,emerson,0.137601118,0.919387057
151,%LIYPGE,HLA-A*01,HLA-A*01 %LIYPGE,86,40,emerson,0.452887233,0.919387057
152,S%RASHE,HLA-B*08,HLA-B*08 S%RASHE,65,31,emerson,0.462026637,0.919387057
153,SIRSS%P,HLA-A*02,HLA-A*02 SIRSS%P,117,75,emerson,0.165928279,0.919387057
154,SIRS%EK,HLA-A*02,HLA-A*02 SIRS%EK,117,75,emerson,0.655468131,0.919387057
155,SPRSS%P,HLA-A*02,HLA-A*02 SPRSS%P,117,75,emerson,0.914282344,0.971540854
156,SGRST%E,HLA-A*02,HLA-A*02 SGRST%E,117,75,emerson,0.501527933,0.919387057
157,SIRSGV%,HLA-A*02,HLA-A*02 SIRSGV%,117,75,emerson,0.470327775,0.919387057
158,S%GSHG,HLA-A*02,HLA-A*02 S%GSHG,117,75,emerson,0.512233116,0.919387057
159,SIRSGE%,HLA-A*02,HLA-A*02 SIRSGE%,117,75,emerson,0.054170735,0.919387057
160,SIGL%G,HLA-A*02,HLA-A*02 SIGL%G,117,75,emerson,0.700551155,0.919387057
161,STRST%T,HLA-A*02,HLA-A*02 STRST%T,117,75,emerson,0.61484296,0.919387057
162,SIY%GSYNE,HLA-A*02,HLA-A*02 SIY%GSYNE,117,75,emerson,0.760032107,0.919387057
163,STRS%SP,HLA-B*44,HLA-B*44 STRS%SP,59,37,emerson,0.760920699,0.919387057
164,SMRS%YE,HLA-A*02,HLA-A*02 SMRS%YE,117,75,emerson,0.126459831,0.919387057
165,SIRSGY%,HLA-A*02,HLA-A*02 SIRSGY%,117,75,emerson,0.607347205,0.919387057
166,SI%SSNE,HLA-A*02,HLA-A*02 SI%SSNE,117,75,emerson,0.038581174,0.919387057
167,SGRSA%T,HLA-A*02,HLA-A*02 SGRSA%T,117,75,emerson,0.525017286,0.919387057
168,SIRSGN%,HLA-A*24,HLA-A*24 SIRSGN%,55,36,emerson,0.64644301,0.919387057
169,SGRA%GE,HLA-A*02,HLA-A*02 SGRA%GE,117,75,emerson,0.788007098,0.941461112
170,SGR%TDT,HLA-A*02,HLA-A*02 SGR%TDT,117,75,emerson,0.183469044,0.919387057
171,S%RAGDT,HLA-B*44,HLA-B*44 S%RAGDT,59,37,emerson,0.344610066,0.919387057
172,S%LATDT,HLA-B*08,HLA-B*08 S%LATDT,65,31,emerson,0.360086531,0.919387057
173,S%ISTDT,HLA-B*44,HLA-B*44 S%ISTDT,59,37,emerson,0.065004931,0.919387057
174,%FYSNQP,HLA-A*03,HLA-A*03 %FYSNQP,70,36,emerson,0.267517637,0.919387057
175,SIR%SDE,HLA-A*02,HLA-A*02 SIR%SDE,117,75,emerson,0.7098711,0.919387057
176,SQRS%DT,HLA-A*02,HLA-A*02 SQRS%DT,117,75,emerson,0.488564961,0.919387057
177,SI%SGVE,HLA-A*02,HLA-A*02 SI%SGVE,117,75,emerson,0.606677665,0.919387057
178,SIR%SNE,HLA-A*02,HLA-A*02 SIR%SNE,117,75,emerson,0.075314711,0.919387057
179,SFRSG%E,HLA-A*24,HLA-A*24 SFRSG%E,55,36,emerson,0.503205481,0.919387057
180,SFRSG%E,HLA-B*08,HLA-B*08 SFRSG%E,65,31,emerson,0.43245024,0.919387057
181,SQRST%T,HLA-A*02,HLA-A*02 SQRST%T,117,75,emerson,0.535462865,0.919387057
182,SVRAS%E,HLA-A*02,HLA-A*02 SVRAS%E,117,75,emerson,0.726833599,0.919387057
183,SIGA%G,HLA-A*02,HLA-A*02 SIGA%G,117,75,emerson,0.840625136,0.949362716
184,SIGS%G,HLA-A*02,HLA-A*02 SIGS%G,117,75,emerson,0.537653381,0.919387057
185,SGR%AGE,HLA-A*02,HLA-A*02 SGR%AGE,117,75,emerson,0.032586388,0.919387057
186,S%RSSDE,HLA-A*02,HLA-A*02 S%RSSDE,117,75,emerson,1,1
187,SIR%SET,HLA-A*02,HLA-A*02 SIR%SET,117,75,emerson,0.729385653,0.919387057
188,SIRSG%T,HLA-A*02,HLA-A*02 SIRSG%T,117,75,emerson,0.929813905,0.971540854
189,SSRSA%E,HLA-A*02,HLA-A*02 SSRSA%E,117,75,emerson,0.505566015,0.919387057
190,S%RSSYNE,HLA-A*02,HLA-A*02 S%RSSYNE,117,75,emerson,0.554643945,0.919387057
191,S%GVYG,HLA-A*02,HLA-A*02 S%GVYG,117,75,emerson,0.965933727,0.987688992
192,SI%STGE,HLA-A*02,HLA-A*02 SI%STGE,117,75,emerson,0.87740765,0.971540854
193,S%GNYG,HLA-B*44,HLA-B*44 S%GNYG,59,37,emerson,0.132171422,0.919387057
194,IRSQ,HLA-A*02,HLA-A*02 IRSQ,117,75,emerson,0.156504377,0.919387057
195,%TRSTDT,HLA-A*02,HLA-A*02 %TRSTDT,117,75,emerson,0.608426268,0.919387057
196,SMR%ADT,HLA-A*02,HLA-A*02 SMR%ADT,117,75,emerson,0.113432611,0.919387057
197,STR%TDT,HLA-A*02,HLA-A*02 STR%TDT,117,75,emerson,0.581264025,0.919387057
198,STR%SYE,HLA-A*02,HLA-A*02 STR%SYE,117,75,emerson,0.623737759,0.919387057
199,STR%SYE,HLA-B*44,HLA-B*44 STR%SYE,59,37,emerson,0.194664787,0.919387057
200,SI%SGSYNE,HLA-A*24,HLA-A*24 SI%SGSYNE,55,36,emerson,0.604741238,0.919387057
201,STR%AYE,HLA-A*02,HLA-A*02 STR%AYE,117,75,emerson,0.109938984,0.919387057
202,SGRSTD%,HLA-A*02,HLA-A*02 SGRSTD%,117,75,emerson,0.497357475,0.919387057
203,SGRSTD%,HLA-B*44,HLA-B*44 SGRSTD%,59,37,emerson,0.242065512,0.919387057
204,SPTGVG%,HLA-B*44,HLA-B*44 SPTGVG%,59,37,emerson,0.537388718,0.919387057
205,IYPG,HLA-A*01,HLA-A*01 IYPG,86,40,emerson,0.452887233,0.919387057
206,SGR%TGE,HLA-A*02,HLA-A*02 SGR%TGE,117,75,emerson,0.965189398,0.987688992
207,S%RSTYE,HLA-A*02,HLA-A*02 S%RSTYE,117,75,emerson,0.92689623,0.971540854
208,SIS%TGE,HLA-A*02,HLA-A*02 SIS%TGE,117,75,emerson,0.636240684,0.919387057
209,SSRA%GE,HLA-A*01,HLA-A*01 SSRA%GE,86,40,emerson,0.264872791,0.919387057
210,KRSS,HLA-A*02,HLA-A*02 KRSS,117,75,emerson,0.489793699,0.919387057
211,STGA%G,HLA-B*44,HLA-B*44 STGA%G,59,37,emerson,0.596506043,0.919387057
212,TRSD,HLA-A*03,HLA-A*03 TRSD,70,36,emerson,0.806332267,0.948380438
213,S%GFYG,HLA-B*44,HLA-B*44 S%GFYG,59,37,emerson,0.665625003,0.919387057
214,SVR%SYE,HLA-A*02,HLA-A*02 SVR%SYE,117,75,emerson,0.653703494,0.919387057
215,SSFL,HLA-A*03,HLA-A*03 SSFL,70,36,emerson,0.368383667,0.919387057
216,SIR%TGE,HLA-A*02,HLA-A*02 SIR%TGE,117,75,emerson,0.874546365,0.971540854
217,SPLAG%YNE,HLA-B*44,HLA-B*44 SPLAG%YNE,59,37,emerson,0.153633202,0.919387057
218,SDES,HLA-A*24,HLA-A*24 SDES,55,36,emerson,0.529752878,0.919387057
219,SLF%ET,HLA-A*03,HLA-A*03 SLF%ET,70,36,emerson,0.69053379,0.919387057
220,ST%SSYE,HLA-A*02,HLA-A*02 ST%SSYE,117,75,emerson,0.997696445,1
221,SSR%TDT,HLA-A*02,HLA-A*02 SSR%TDT,117,75,emerson,0.932510337,0.971540854
222,SV%SSYE,HLA-A*02,HLA-A*02 SV%SSYE,117,75,emerson,0.32238068,0.919387057
223,S%GQNTGE,HLA-A*02,HLA-A*02 S%GQNTGE,117,75,emerson,0.886645907,0.971540854
224,FDSS,HLA-B*08,HLA-B*08 FDSS,65,31,emerson,0.33407312,0.919387057
225,SVG%YG,HLA-A*24,HLA-A*24 SVG%YG,55,36,emerson,0.77049529,0.925409687
226,SG%STDT,HLA-A*02,HLA-A*02 SG%STDT,117,75,emerson,0.830979148,0.949362716
227,SG%STDT,HLA-B*44,HLA-B*44 SG%STDT,59,37,emerson,0.402285276,0.919387057