,pattern,allele,cluster,cohort,number_cmv_neg,number_cmv_pos,Mann.Wh_pvalue,fdr
1,SLAPGATN%K,HLA-A*02,HLA-A*02 SLAPGATN%K,emerson,117,75,5.22E-05,0.000357796
2,%LAPGATNEK,HLA-A*02,HLA-A*02 %LAPGATNEK,emerson,117,75,5.22E-05,0.000357796
3,SLAPGA%NEK,HLA-A*02,HLA-A*02 SLAPGA%NEK,emerson,117,75,0.000101267,0.000486083
4,SLAPG%TNEK,HLA-A*02,HLA-A*02 SLAPG%TNEK,emerson,117,75,4.18E-07,1.00E-05
5,SLAP%ATNEK,HLA-A*02,HLA-A*02 SLAP%ATNEK,emerson,117,75,0.000396132,0.00158453
6,SLAPGAT%EK,HLA-A*02,HLA-A*02 SLAPGAT%EK,emerson,117,75,5.22E-05,0.000357796
7,HEGS,HLA-B*08,HLA-B*08 HEGS,emerson,65,31,0.590305071,0.80956124
8,SHEG%GG,HLA-B*07,HLA-B*07 SHEG%GG,emerson,68,34,0.550060618,0.80956124
9,SH%GSGG,HLA-B*08,HLA-B*08 SH%GSGG,emerson,65,31,0.43283078,0.799072209
10,T%GDE,HLA-B*07,HLA-B*07 T%GDE,emerson,68,34,9.46E-07,1.51E-05
11,SPVAG%PHE,HLA-A*03,HLA-A*03 SPVAG%PHE,emerson,70,36,1,1
12,S%LGGAGTGE,HLA-A*02,HLA-A*02 S%LGGAGTGE,emerson,117,75,0.000258029,0.001125943
13,SI%GE,HLA-B*07,HLA-B*07 SI%GE,emerson,68,34,0.455398924,0.80956124
14,SI%GE,HLA-B*44,HLA-B*44 SI%GE,emerson,59,37,0.547747608,0.80956124
15,SSAYY%,HLA-A*02,HLA-A*02 SSAYY%,emerson,117,75,9.77E-05,0.000486083
16,SL%GVSSYNE,HLA-B*07,HLA-B*07 SL%GVSSYNE,emerson,68,34,5.43E-08,2.61E-06
17,QGG%YNE,HLA-A*02,HLA-A*02 QGG%YNE,emerson,117,75,0.263941583,0.703844222
18,SL%WGGFYNE,HLA-B*07,HLA-B*07 SL%WGGFYNE,emerson,68,34,0.004234791,0.015636152
19,SSAY%G,HLA-A*02,HLA-A*02 SSAY%G,emerson,117,75,9.77E-05,0.000486083
20,SYQTG%IYG,HLA-A*24,HLA-A*24 SYQTG%IYG,emerson,55,36,0.081557446,0.260983827
21,S%TESGANV,HLA-B*44,HLA-B*44 S%TESGANV,emerson,59,37,0.774026416,0.883939585
22,SIV%GAYNE,HLA-A*02,HLA-A*02 SIV%GAYNE,emerson,117,75,0.923996419,0.98559618
23,SIV%GAYNE,HLA-B*44,HLA-B*44 SIV%GAYNE,emerson,59,37,0.248514225,0.701687223
24,SIGR%E,HLA-B*44,HLA-B*44 SIGR%E,emerson,59,37,0.293623657,0.704696777
25,E%NTE,HLA-B*44,HLA-B*44 E%NTE,emerson,59,37,0.491635981,0.80956124
26,S%TSGPYNE,HLA-B*44,HLA-B*44 S%TSGPYNE,emerson,59,37,0.319747958,0.724854447
27,SQGT%T,HLA-A*02,HLA-A*02 SQGT%T,emerson,117,75,0.77139657,0.883939585
28,S%DR,HLA-A*02,HLA-A*02 S%DR,emerson,117,75,0.554010214,0.80956124
29,SS%YYG,HLA-A*02,HLA-A*02 SS%YYG,emerson,117,75,4.18E-05,0.000357796
30,S%GPNYE,HLA-A*01,HLA-A*01 S%GPNYE,emerson,86,40,0.997894928,1
31,S%GPNYE,HLA-B*08,HLA-B*08 S%GPNYE,emerson,65,31,0.418748428,0.799072209
32,S%GTAAYE,HLA-B*07,HLA-B*07 S%GTAAYE,emerson,68,34,0.332224955,0.724854447
33,SS%NG,HLA-A*02,HLA-A*02 SS%NG,emerson,117,75,0.566103148,0.80956124
34,SF%GT,HLA-A*02,HLA-A*02 SF%GT,emerson,117,75,0.580176876,0.80956124
35,SY%GGTE,HLA-A*02,HLA-A*02 SY%GGTE,emerson,117,75,0.706641396,0.869712488
36,SVV%E,HLA-B*07,HLA-B*07 SVV%E,emerson,68,34,0.765011083,0.883939585
37,R%GYE,HLA-B*07,HLA-B*07 R%GYE,emerson,68,34,0.372828449,0.768985778
38,PGQG%YE,HLA-B*08,HLA-B*08 PGQG%YE,emerson,65,31,0.029300354,0.100458357
39,S%RDRGSYE,HLA-B*07,HLA-B*07 S%RDRGSYE,emerson,68,34,0.583234692,0.80956124
40,S%NE,HLA-A*03,HLA-A*03 S%NE,emerson,70,36,0.981371962,1
41,R%LNTE,HLA-B*44,HLA-B*44 R%LNTE,emerson,59,37,0.384492889,0.768985778
42,R%GDTE,HLA-B*08,HLA-B*08 R%GDTE,emerson,65,31,0.286453952,0.704696777
43,S%RSSYE,HLA-A*02,HLA-A*02 S%RSSYE,emerson,117,75,0.791862545,0.883939585
44,S%RSSYE,HLA-B*44,HLA-B*44 S%RSSYE,emerson,59,37,0.648227241,0.834665724
45,SLG%QP,HLA-A*03,HLA-A*03 SLG%QP,emerson,70,36,0.623899033,0.831865377
46,SV%GGTE,HLA-A*02,HLA-A*02 SV%GGTE,emerson,117,75,0.133620748,0.400862243
47,SGG%SYNE,HLA-B*08,HLA-B*08 SGG%SYNE,emerson,65,31,0.826818586,0.901983912
48,SL%GDT,HLA-B*08,HLA-B*08 SL%GDT,emerson,65,31,0.660777032,0.834665724