,perm_file,number_of_hla_associated_cluster,number_of_sig_clusters,number_of_unique_sig_clusters
1,perm_1_Summary.of.stats_Random.Group.Allocation.csv,175,3,3
2,perm_10_Summary.of.stats_Random.Group.Allocation.csv,175,21,18
3,perm_100_Summary.of.stats_Random.Group.Allocation.csv,175,8,8
4,perm_1000_Summary.of.stats_Random.Group.Allocation.csv,175,12,11
5,perm_101_Summary.of.stats_Random.Group.Allocation.csv,175,0,0
6,perm_102_Summary.of.stats_Random.Group.Allocation.csv,175,5,5
7,perm_103_Summary.of.stats_Random.Group.Allocation.csv,175,18,16
8,perm_104_Summary.of.stats_Random.Group.Allocation.csv,175,5,5
9,perm_105_Summary.of.stats_Random.Group.Allocation.csv,175,9,9
10,perm_106_Summary.of.stats_Random.Group.Allocation.csv,175,1,1
11,perm_107_Summary.of.stats_Random.Group.Allocation.csv,175,0,0
12,perm_108_Summary.of.stats_Random.Group.Allocation.csv,175,4,4
13,perm_109_Summary.of.stats_Random.Group.Allocation.csv,175,8,8
14,perm_11_Summary.of.stats_Random.Group.Allocation.csv,175,0,0
15,perm_110_Summary.of.stats_Random.Group.Allocation.csv,175,5,5
16,perm_111_Summary.of.stats_Random.Group.Allocation.csv,175,0,0
17,perm_112_Summary.of.stats_Random.Group.Allocation.csv,175,11,11
18,perm_113_Summary.of.stats_Random.Group.Allocation.csv,175,4,4
19,perm_114_Summary.of.stats_Random.Group.Allocation.csv,175,11,11
20,perm_115_Summary.of.stats_Random.Group.Allocation.csv,175,12,11
21,perm_116_Summary.of.stats_Random.Group.Allocation.csv,175,13,9
22,perm_117_Summary.of.stats_Random.Group.Allocation.csv,175,9,9
23,perm_118_Summary.of.stats_Random.Group.Allocation.csv,175,29,28
24,perm_119_Summary.of.stats_Random.Group.Allocation.csv,175,0,0
25,perm_12_Summary.of.stats_Random.Group.Allocation.csv,175,6,6
26,perm_120_Summary.of.stats_Random.Group.Allocation.csv,175,0,0
27,perm_121_Summary.of.stats_Random.Group.Allocation.csv,175,0,0
28,perm_122_Summary.of.stats_Random.Group.Allocation.csv,175,15,14
29,perm_123_Summary.of.stats_Random.Group.Allocation.csv,175,0,0
30,perm_124_Summary.of.stats_Random.Group.Allocation.csv,175,26,22
31,perm_125_Summary.of.stats_Random.Group.Allocation.csv,175,8,6
32,perm_126_Summary.of.stats_Random.Group.Allocation.csv,175,14,14
33,perm_127_Summary.of.stats_Random.Group.Allocation.csv,175,0,0
34,perm_128_Summary.of.stats_Random.Group.Allocation.csv,175,9,9
35,perm_129_Summary.of.stats_Random.Group.Allocation.csv,175,2,2
36,perm_13_Summary.of.stats_Random.Group.Allocation.csv,175,6,6
37,perm_130_Summary.of.stats_Random.Group.Allocation.csv,175,7,7
38,perm_131_Summary.of.stats_Random.Group.Allocation.csv,175,10,10
39,perm_132_Summary.of.stats_Random.Group.Allocation.csv,175,23,20
40,perm_133_Summary.of.stats_Random.Group.Allocation.csv,175,22,20
41,perm_134_Summary.of.stats_Random.Group.Allocation.csv,175,0,0
42,perm_135_Summary.of.stats_Random.Group.Allocation.csv,175,1,1
43,perm_136_Summary.of.stats_Random.Group.Allocation.csv,175,6,6
44,perm_137_Summary.of.stats_Random.Group.Allocation.csv,175,18,16
45,perm_138_Summary.of.stats_Random.Group.Allocation.csv,175,0,0
46,perm_139_Summary.of.stats_Random.Group.Allocation.csv,175,12,12
47,perm_14_Summary.of.stats_Random.Group.Allocation.csv,175,10,10
48,perm_140_Summary.of.stats_Random.Group.Allocation.csv,175,9,9
49,perm_141_Summary.of.stats_Random.Group.Allocation.csv,175,18,15
50,perm_142_Summary.of.stats_Random.Group.Allocation.csv,175,2,2
51,perm_143_Summary.of.stats_Random.Group.Allocation.csv,175,6,5
52,perm_144_Summary.of.stats_Random.Group.Allocation.csv,175,15,12
53,perm_145_Summary.of.stats_Random.Group.Allocation.csv,175,2,2
54,perm_146_Summary.of.stats_Random.Group.Allocation.csv,175,12,12
55,perm_147_Summary.of.stats_Random.Group.Allocation.csv,175,0,0
56,perm_148_Summary.of.stats_Random.Group.Allocation.csv,175,7,7
57,perm_149_Summary.of.stats_Random.Group.Allocation.csv,175,14,12
58,perm_15_Summary.of.stats_Random.Group.Allocation.csv,175,7,6
59,perm_150_Summary.of.stats_Random.Group.Allocation.csv,175,21,19
60,perm_151_Summary.of.stats_Random.Group.Allocation.csv,175,12,10
61,perm_152_Summary.of.stats_Random.Group.Allocation.csv,175,3,3
62,perm_153_Summary.of.stats_Random.Group.Allocation.csv,175,1,1
63,perm_154_Summary.of.stats_Random.Group.Allocation.csv,175,4,4
64,perm_155_Summary.of.stats_Random.Group.Allocation.csv,175,7,7
65,perm_156_Summary.of.stats_Random.Group.Allocation.csv,175,4,4
66,perm_157_Summary.of.stats_Random.Group.Allocation.csv,175,2,2
67,perm_158_Summary.of.stats_Random.Group.Allocation.csv,175,1,1
68,perm_159_Summary.of.stats_Random.Group.Allocation.csv,175,8,8
69,perm_16_Summary.of.stats_Random.Group.Allocation.csv,175,5,4
70,perm_160_Summary.of.stats_Random.Group.Allocation.csv,175,7,7
71,perm_161_Summary.of.stats_Random.Group.Allocation.csv,175,3,3
72,perm_162_Summary.of.stats_Random.Group.Allocation.csv,175,24,21
73,perm_163_Summary.of.stats_Random.Group.Allocation.csv,175,2,2
74,perm_164_Summary.of.stats_Random.Group.Allocation.csv,175,7,7
75,perm_165_Summary.of.stats_Random.Group.Allocation.csv,175,0,0
76,perm_166_Summary.of.stats_Random.Group.Allocation.csv,175,11,11
77,perm_167_Summary.of.stats_Random.Group.Allocation.csv,175,8,8
78,perm_168_Summary.of.stats_Random.Group.Allocation.csv,175,2,2
79,perm_169_Summary.of.stats_Random.Group.Allocation.csv,175,9,9
80,perm_17_Summary.of.stats_Random.Group.Allocation.csv,175,13,12
81,perm_170_Summary.of.stats_Random.Group.Allocation.csv,175,3,3
82,perm_171_Summary.of.stats_Random.Group.Allocation.csv,175,1,1
83,perm_172_Summary.of.stats_Random.Group.Allocation.csv,175,23,20
84,perm_173_Summary.of.stats_Random.Group.Allocation.csv,175,15,15
85,perm_174_Summary.of.stats_Random.Group.Allocation.csv,175,0,0
86,perm_175_Summary.of.stats_Random.Group.Allocation.csv,175,6,6
87,perm_176_Summary.of.stats_Random.Group.Allocation.csv,175,16,15
88,perm_177_Summary.of.stats_Random.Group.Allocation.csv,175,26,24
89,perm_178_Summary.of.stats_Random.Group.Allocation.csv,175,7,6
90,perm_179_Summary.of.stats_Random.Group.Allocation.csv,175,8,8
91,perm_18_Summary.of.stats_Random.Group.Allocation.csv,175,3,3
92,perm_180_Summary.of.stats_Random.Group.Allocation.csv,175,19,19
93,perm_181_Summary.of.stats_Random.Group.Allocation.csv,175,7,7
94,perm_182_Summary.of.stats_Random.Group.Allocation.csv,175,9,8
95,perm_183_Summary.of.stats_Random.Group.Allocation.csv,175,17,13
96,perm_184_Summary.of.stats_Random.Group.Allocation.csv,175,2,2
97,perm_185_Summary.of.stats_Random.Group.Allocation.csv,175,0,0
98,perm_186_Summary.of.stats_Random.Group.Allocation.csv,175,17,14
99,perm_187_Summary.of.stats_Random.Group.Allocation.csv,175,20,20
100,perm_188_Summary.of.stats_Random.Group.Allocation.csv,175,1,1
101,perm_189_Summary.of.stats_Random.Group.Allocation.csv,175,9,9
102,perm_19_Summary.of.stats_Random.Group.Allocation.csv,175,8,7
103,perm_190_Summary.of.stats_Random.Group.Allocation.csv,175,11,9
104,perm_191_Summary.of.stats_Random.Group.Allocation.csv,175,16,16
105,perm_192_Summary.of.stats_Random.Group.Allocation.csv,175,2,2
106,perm_193_Summary.of.stats_Random.Group.Allocation.csv,175,1,1
107,perm_194_Summary.of.stats_Random.Group.Allocation.csv,175,2,2
108,perm_195_Summary.of.stats_Random.Group.Allocation.csv,175,16,14
109,perm_196_Summary.of.stats_Random.Group.Allocation.csv,175,13,12
110,perm_197_Summary.of.stats_Random.Group.Allocation.csv,175,12,11
111,perm_198_Summary.of.stats_Random.Group.Allocation.csv,175,4,4
112,perm_199_Summary.of.stats_Random.Group.Allocation.csv,175,14,14
113,perm_2_Summary.of.stats_Random.Group.Allocation.csv,175,12,12
114,perm_20_Summary.of.stats_Random.Group.Allocation.csv,175,8,8
115,perm_200_Summary.of.stats_Random.Group.Allocation.csv,175,29,24
116,perm_201_Summary.of.stats_Random.Group.Allocation.csv,175,0,0
117,perm_202_Summary.of.stats_Random.Group.Allocation.csv,175,0,0
118,perm_203_Summary.of.stats_Random.Group.Allocation.csv,175,0,0
119,perm_204_Summary.of.stats_Random.Group.Allocation.csv,175,0,0
120,perm_205_Summary.of.stats_Random.Group.Allocation.csv,175,3,3
121,perm_206_Summary.of.stats_Random.Group.Allocation.csv,175,21,19
122,perm_207_Summary.of.stats_Random.Group.Allocation.csv,175,18,16
123,perm_208_Summary.of.stats_Random.Group.Allocation.csv,175,7,7
124,perm_209_Summary.of.stats_Random.Group.Allocation.csv,175,8,8
125,perm_21_Summary.of.stats_Random.Group.Allocation.csv,175,14,12
126,perm_210_Summary.of.stats_Random.Group.Allocation.csv,175,4,4
127,perm_211_Summary.of.stats_Random.Group.Allocation.csv,175,16,14
128,perm_212_Summary.of.stats_Random.Group.Allocation.csv,175,18,17
129,perm_213_Summary.of.stats_Random.Group.Allocation.csv,175,13,11
130,perm_214_Summary.of.stats_Random.Group.Allocation.csv,175,1,1
131,perm_215_Summary.of.stats_Random.Group.Allocation.csv,175,6,6
132,perm_216_Summary.of.stats_Random.Group.Allocation.csv,175,18,17
133,perm_217_Summary.of.stats_Random.Group.Allocation.csv,175,8,6
134,perm_218_Summary.of.stats_Random.Group.Allocation.csv,175,20,19
135,perm_219_Summary.of.stats_Random.Group.Allocation.csv,175,0,0
136,perm_22_Summary.of.stats_Random.Group.Allocation.csv,175,0,0
137,perm_220_Summary.of.stats_Random.Group.Allocation.csv,175,5,4
138,perm_221_Summary.of.stats_Random.Group.Allocation.csv,175,13,12
139,perm_222_Summary.of.stats_Random.Group.Allocation.csv,175,6,6
140,perm_223_Summary.of.stats_Random.Group.Allocation.csv,175,8,7
141,perm_224_Summary.of.stats_Random.Group.Allocation.csv,175,14,13
142,perm_225_Summary.of.stats_Random.Group.Allocation.csv,175,26,26
143,perm_226_Summary.of.stats_Random.Group.Allocation.csv,175,6,6
144,perm_227_Summary.of.stats_Random.Group.Allocation.csv,175,10,7
145,perm_228_Summary.of.stats_Random.Group.Allocation.csv,175,0,0
146,perm_229_Summary.of.stats_Random.Group.Allocation.csv,175,16,15
147,perm_23_Summary.of.stats_Random.Group.Allocation.csv,175,4,4
148,perm_230_Summary.of.stats_Random.Group.Allocation.csv,175,0,0
149,perm_231_Summary.of.stats_Random.Group.Allocation.csv,175,0,0
150,perm_232_Summary.of.stats_Random.Group.Allocation.csv,175,3,3
151,perm_233_Summary.of.stats_Random.Group.Allocation.csv,175,13,13
152,perm_234_Summary.of.stats_Random.Group.Allocation.csv,175,17,16
153,perm_235_Summary.of.stats_Random.Group.Allocation.csv,175,6,6
154,perm_236_Summary.of.stats_Random.Group.Allocation.csv,175,4,4
155,perm_237_Summary.of.stats_Random.Group.Allocation.csv,175,14,13
156,perm_238_Summary.of.stats_Random.Group.Allocation.csv,175,11,10
157,perm_239_Summary.of.stats_Random.Group.Allocation.csv,175,0,0
158,perm_24_Summary.of.stats_Random.Group.Allocation.csv,175,0,0
159,perm_240_Summary.of.stats_Random.Group.Allocation.csv,175,5,5
160,perm_241_Summary.of.stats_Random.Group.Allocation.csv,175,13,12
161,perm_242_Summary.of.stats_Random.Group.Allocation.csv,175,18,15
162,perm_243_Summary.of.stats_Random.Group.Allocation.csv,175,24,22
163,perm_244_Summary.of.stats_Random.Group.Allocation.csv,175,9,9
164,perm_245_Summary.of.stats_Random.Group.Allocation.csv,175,14,13
165,perm_246_Summary.of.stats_Random.Group.Allocation.csv,175,12,12
166,perm_247_Summary.of.stats_Random.Group.Allocation.csv,175,4,4
167,perm_248_Summary.of.stats_Random.Group.Allocation.csv,175,11,10
168,perm_249_Summary.of.stats_Random.Group.Allocation.csv,175,2,2
169,perm_25_Summary.of.stats_Random.Group.Allocation.csv,175,5,5
170,perm_250_Summary.of.stats_Random.Group.Allocation.csv,175,2,2
171,perm_251_Summary.of.stats_Random.Group.Allocation.csv,175,18,16
172,perm_252_Summary.of.stats_Random.Group.Allocation.csv,175,2,2
173,perm_253_Summary.of.stats_Random.Group.Allocation.csv,175,7,7
174,perm_254_Summary.of.stats_Random.Group.Allocation.csv,175,28,22
175,perm_255_Summary.of.stats_Random.Group.Allocation.csv,175,1,1
176,perm_256_Summary.of.stats_Random.Group.Allocation.csv,175,32,25
177,perm_257_Summary.of.stats_Random.Group.Allocation.csv,175,10,10
178,perm_258_Summary.of.stats_Random.Group.Allocation.csv,175,9,8
179,perm_259_Summary.of.stats_Random.Group.Allocation.csv,175,13,13
180,perm_26_Summary.of.stats_Random.Group.Allocation.csv,175,5,5
181,perm_260_Summary.of.stats_Random.Group.Allocation.csv,175,11,10
182,perm_261_Summary.of.stats_Random.Group.Allocation.csv,175,8,7
183,perm_262_Summary.of.stats_Random.Group.Allocation.csv,175,24,23
184,perm_263_Summary.of.stats_Random.Group.Allocation.csv,175,0,0
185,perm_264_Summary.of.stats_Random.Group.Allocation.csv,175,5,5
186,perm_265_Summary.of.stats_Random.Group.Allocation.csv,175,10,10
187,perm_266_Summary.of.stats_Random.Group.Allocation.csv,175,16,16
188,perm_267_Summary.of.stats_Random.Group.Allocation.csv,175,1,1
189,perm_268_Summary.of.stats_Random.Group.Allocation.csv,175,3,3
190,perm_269_Summary.of.stats_Random.Group.Allocation.csv,175,2,2
191,perm_27_Summary.of.stats_Random.Group.Allocation.csv,175,12,12
192,perm_270_Summary.of.stats_Random.Group.Allocation.csv,175,20,18
193,perm_271_Summary.of.stats_Random.Group.Allocation.csv,175,25,23
194,perm_272_Summary.of.stats_Random.Group.Allocation.csv,175,1,1
195,perm_273_Summary.of.stats_Random.Group.Allocation.csv,175,2,2
196,perm_274_Summary.of.stats_Random.Group.Allocation.csv,175,1,1
197,perm_275_Summary.of.stats_Random.Group.Allocation.csv,175,19,18
198,perm_276_Summary.of.stats_Random.Group.Allocation.csv,175,6,6
199,perm_277_Summary.of.stats_Random.Group.Allocation.csv,175,31,25
200,perm_278_Summary.of.stats_Random.Group.Allocation.csv,175,0,0
201,perm_279_Summary.of.stats_Random.Group.Allocation.csv,175,15,13
202,perm_28_Summary.of.stats_Random.Group.Allocation.csv,175,13,10
203,perm_280_Summary.of.stats_Random.Group.Allocation.csv,175,5,5
204,perm_281_Summary.of.stats_Random.Group.Allocation.csv,175,24,17
205,perm_282_Summary.of.stats_Random.Group.Allocation.csv,175,16,14
206,perm_283_Summary.of.stats_Random.Group.Allocation.csv,175,3,3
207,perm_284_Summary.of.stats_Random.Group.Allocation.csv,175,4,4
208,perm_285_Summary.of.stats_Random.Group.Allocation.csv,175,16,15
209,perm_286_Summary.of.stats_Random.Group.Allocation.csv,175,31,27
210,perm_287_Summary.of.stats_Random.Group.Allocation.csv,175,8,8
211,perm_288_Summary.of.stats_Random.Group.Allocation.csv,175,29,27
212,perm_289_Summary.of.stats_Random.Group.Allocation.csv,175,4,4
213,perm_29_Summary.of.stats_Random.Group.Allocation.csv,175,15,12
214,perm_290_Summary.of.stats_Random.Group.Allocation.csv,175,7,6
215,perm_291_Summary.of.stats_Random.Group.Allocation.csv,175,14,13
216,perm_292_Summary.of.stats_Random.Group.Allocation.csv,175,3,3
217,perm_293_Summary.of.stats_Random.Group.Allocation.csv,175,8,8
218,perm_294_Summary.of.stats_Random.Group.Allocation.csv,175,17,15
219,perm_295_Summary.of.stats_Random.Group.Allocation.csv,175,22,19
220,perm_296_Summary.of.stats_Random.Group.Allocation.csv,175,0,0
221,perm_297_Summary.of.stats_Random.Group.Allocation.csv,175,7,5
222,perm_298_Summary.of.stats_Random.Group.Allocation.csv,175,11,11
223,perm_299_Summary.of.stats_Random.Group.Allocation.csv,175,2,2
224,perm_3_Summary.of.stats_Random.Group.Allocation.csv,175,0,0
225,perm_30_Summary.of.stats_Random.Group.Allocation.csv,175,3,3
226,perm_300_Summary.of.stats_Random.Group.Allocation.csv,175,13,13
227,perm_301_Summary.of.stats_Random.Group.Allocation.csv,175,21,17
228,perm_302_Summary.of.stats_Random.Group.Allocation.csv,175,13,13
229,perm_303_Summary.of.stats_Random.Group.Allocation.csv,175,16,15
230,perm_304_Summary.of.stats_Random.Group.Allocation.csv,175,0,0
231,perm_305_Summary.of.stats_Random.Group.Allocation.csv,175,3,3
232,perm_306_Summary.of.stats_Random.Group.Allocation.csv,175,0,0
233,perm_307_Summary.of.stats_Random.Group.Allocation.csv,175,2,2
234,perm_308_Summary.of.stats_Random.Group.Allocation.csv,175,16,16
235,perm_309_Summary.of.stats_Random.Group.Allocation.csv,175,9,8
236,perm_31_Summary.of.stats_Random.Group.Allocation.csv,175,15,14
237,perm_310_Summary.of.stats_Random.Group.Allocation.csv,175,10,10
238,perm_311_Summary.of.stats_Random.Group.Allocation.csv,175,1,1
239,perm_312_Summary.of.stats_Random.Group.Allocation.csv,175,15,14
240,perm_313_Summary.of.stats_Random.Group.Allocation.csv,175,25,19
241,perm_314_Summary.of.stats_Random.Group.Allocation.csv,175,2,2
242,perm_315_Summary.of.stats_Random.Group.Allocation.csv,175,13,12
243,perm_316_Summary.of.stats_Random.Group.Allocation.csv,175,0,0
244,perm_317_Summary.of.stats_Random.Group.Allocation.csv,175,1,1
245,perm_318_Summary.of.stats_Random.Group.Allocation.csv,175,0,0
246,perm_319_Summary.of.stats_Random.Group.Allocation.csv,175,9,8
247,perm_32_Summary.of.stats_Random.Group.Allocation.csv,175,3,3
248,perm_320_Summary.of.stats_Random.Group.Allocation.csv,175,1,1
249,perm_321_Summary.of.stats_Random.Group.Allocation.csv,175,14,13
250,perm_322_Summary.of.stats_Random.Group.Allocation.csv,175,2,2
251,perm_323_Summary.of.stats_Random.Group.Allocation.csv,175,11,10
252,perm_324_Summary.of.stats_Random.Group.Allocation.csv,175,0,0
253,perm_325_Summary.of.stats_Random.Group.Allocation.csv,175,1,1
254,perm_326_Summary.of.stats_Random.Group.Allocation.csv,175,0,0
255,perm_327_Summary.of.stats_Random.Group.Allocation.csv,175,28,23
256,perm_328_Summary.of.stats_Random.Group.Allocation.csv,175,26,22
257,perm_329_Summary.of.stats_Random.Group.Allocation.csv,175,11,10
258,perm_33_Summary.of.stats_Random.Group.Allocation.csv,175,2,2
259,perm_330_Summary.of.stats_Random.Group.Allocation.csv,175,9,9
260,perm_331_Summary.of.stats_Random.Group.Allocation.csv,175,37,31
261,perm_332_Summary.of.stats_Random.Group.Allocation.csv,175,24,20
262,perm_333_Summary.of.stats_Random.Group.Allocation.csv,175,1,1
263,perm_334_Summary.of.stats_Random.Group.Allocation.csv,175,30,23
264,perm_335_Summary.of.stats_Random.Group.Allocation.csv,175,14,13
265,perm_336_Summary.of.stats_Random.Group.Allocation.csv,175,7,7
266,perm_337_Summary.of.stats_Random.Group.Allocation.csv,175,6,6
267,perm_338_Summary.of.stats_Random.Group.Allocation.csv,175,15,14
268,perm_339_Summary.of.stats_Random.Group.Allocation.csv,175,7,7
269,perm_34_Summary.of.stats_Random.Group.Allocation.csv,175,7,7
270,perm_340_Summary.of.stats_Random.Group.Allocation.csv,175,10,10
271,perm_341_Summary.of.stats_Random.Group.Allocation.csv,175,1,1
272,perm_342_Summary.of.stats_Random.Group.Allocation.csv,175,7,7
273,perm_343_Summary.of.stats_Random.Group.Allocation.csv,175,8,7
274,perm_344_Summary.of.stats_Random.Group.Allocation.csv,175,38,34
275,perm_345_Summary.of.stats_Random.Group.Allocation.csv,175,1,1
276,perm_346_Summary.of.stats_Random.Group.Allocation.csv,175,13,12
277,perm_347_Summary.of.stats_Random.Group.Allocation.csv,175,2,2
278,perm_348_Summary.of.stats_Random.Group.Allocation.csv,175,18,17
279,perm_349_Summary.of.stats_Random.Group.Allocation.csv,175,9,8
280,perm_35_Summary.of.stats_Random.Group.Allocation.csv,175,17,17
281,perm_350_Summary.of.stats_Random.Group.Allocation.csv,175,9,9
282,perm_351_Summary.of.stats_Random.Group.Allocation.csv,175,3,3
283,perm_352_Summary.of.stats_Random.Group.Allocation.csv,175,25,23
284,perm_353_Summary.of.stats_Random.Group.Allocation.csv,175,5,5
285,perm_354_Summary.of.stats_Random.Group.Allocation.csv,175,4,4
286,perm_355_Summary.of.stats_Random.Group.Allocation.csv,175,9,7
287,perm_356_Summary.of.stats_Random.Group.Allocation.csv,175,3,3
288,perm_357_Summary.of.stats_Random.Group.Allocation.csv,175,4,4
289,perm_358_Summary.of.stats_Random.Group.Allocation.csv,175,4,4
290,perm_359_Summary.of.stats_Random.Group.Allocation.csv,175,5,4
291,perm_36_Summary.of.stats_Random.Group.Allocation.csv,175,3,3
292,perm_360_Summary.of.stats_Random.Group.Allocation.csv,175,14,14
293,perm_361_Summary.of.stats_Random.Group.Allocation.csv,175,3,3
294,perm_362_Summary.of.stats_Random.Group.Allocation.csv,175,16,15
295,perm_363_Summary.of.stats_Random.Group.Allocation.csv,175,16,16
296,perm_364_Summary.of.stats_Random.Group.Allocation.csv,175,3,3
297,perm_365_Summary.of.stats_Random.Group.Allocation.csv,175,8,8
298,perm_366_Summary.of.stats_Random.Group.Allocation.csv,175,4,4
299,perm_367_Summary.of.stats_Random.Group.Allocation.csv,175,4,3
300,perm_368_Summary.of.stats_Random.Group.Allocation.csv,175,1,1
301,perm_369_Summary.of.stats_Random.Group.Allocation.csv,175,2,2
302,perm_37_Summary.of.stats_Random.Group.Allocation.csv,175,14,14
303,perm_370_Summary.of.stats_Random.Group.Allocation.csv,175,16,15
304,perm_371_Summary.of.stats_Random.Group.Allocation.csv,175,15,13
305,perm_372_Summary.of.stats_Random.Group.Allocation.csv,175,9,9
306,perm_373_Summary.of.stats_Random.Group.Allocation.csv,175,23,18
307,perm_374_Summary.of.stats_Random.Group.Allocation.csv,175,17,15
308,perm_375_Summary.of.stats_Random.Group.Allocation.csv,175,1,1
309,perm_376_Summary.of.stats_Random.Group.Allocation.csv,175,14,13
310,perm_377_Summary.of.stats_Random.Group.Allocation.csv,175,0,0
311,perm_378_Summary.of.stats_Random.Group.Allocation.csv,175,2,2
312,perm_379_Summary.of.stats_Random.Group.Allocation.csv,175,8,7
313,perm_38_Summary.of.stats_Random.Group.Allocation.csv,175,0,0
314,perm_380_Summary.of.stats_Random.Group.Allocation.csv,175,12,12
315,perm_381_Summary.of.stats_Random.Group.Allocation.csv,175,4,4
316,perm_382_Summary.of.stats_Random.Group.Allocation.csv,175,25,23
317,perm_383_Summary.of.stats_Random.Group.Allocation.csv,175,18,17
318,perm_384_Summary.of.stats_Random.Group.Allocation.csv,175,3,3
319,perm_385_Summary.of.stats_Random.Group.Allocation.csv,175,0,0
320,perm_386_Summary.of.stats_Random.Group.Allocation.csv,175,10,10
321,perm_387_Summary.of.stats_Random.Group.Allocation.csv,175,4,4
322,perm_388_Summary.of.stats_Random.Group.Allocation.csv,175,7,7
323,perm_389_Summary.of.stats_Random.Group.Allocation.csv,175,5,5
324,perm_39_Summary.of.stats_Random.Group.Allocation.csv,175,10,9
325,perm_390_Summary.of.stats_Random.Group.Allocation.csv,175,14,14
326,perm_391_Summary.of.stats_Random.Group.Allocation.csv,175,7,7
327,perm_392_Summary.of.stats_Random.Group.Allocation.csv,175,0,0
328,perm_393_Summary.of.stats_Random.Group.Allocation.csv,175,26,21
329,perm_394_Summary.of.stats_Random.Group.Allocation.csv,175,0,0
330,perm_395_Summary.of.stats_Random.Group.Allocation.csv,175,29,25
331,perm_396_Summary.of.stats_Random.Group.Allocation.csv,175,2,2
332,perm_397_Summary.of.stats_Random.Group.Allocation.csv,175,15,13
333,perm_398_Summary.of.stats_Random.Group.Allocation.csv,175,5,4
334,perm_399_Summary.of.stats_Random.Group.Allocation.csv,175,5,5
335,perm_4_Summary.of.stats_Random.Group.Allocation.csv,175,8,7
336,perm_40_Summary.of.stats_Random.Group.Allocation.csv,175,9,9
337,perm_400_Summary.of.stats_Random.Group.Allocation.csv,175,4,4
338,perm_401_Summary.of.stats_Random.Group.Allocation.csv,175,15,15
339,perm_402_Summary.of.stats_Random.Group.Allocation.csv,175,15,14
340,perm_403_Summary.of.stats_Random.Group.Allocation.csv,175,2,2
341,perm_404_Summary.of.stats_Random.Group.Allocation.csv,175,5,4
342,perm_405_Summary.of.stats_Random.Group.Allocation.csv,175,15,13
343,perm_406_Summary.of.stats_Random.Group.Allocation.csv,175,12,12
344,perm_407_Summary.of.stats_Random.Group.Allocation.csv,175,12,12
345,perm_408_Summary.of.stats_Random.Group.Allocation.csv,175,5,5
346,perm_409_Summary.of.stats_Random.Group.Allocation.csv,175,2,2
347,perm_41_Summary.of.stats_Random.Group.Allocation.csv,175,15,13
348,perm_410_Summary.of.stats_Random.Group.Allocation.csv,175,5,4
349,perm_411_Summary.of.stats_Random.Group.Allocation.csv,175,0,0
350,perm_412_Summary.of.stats_Random.Group.Allocation.csv,175,1,1
351,perm_413_Summary.of.stats_Random.Group.Allocation.csv,175,14,14
352,perm_414_Summary.of.stats_Random.Group.Allocation.csv,175,2,2
353,perm_415_Summary.of.stats_Random.Group.Allocation.csv,175,4,4
354,perm_416_Summary.of.stats_Random.Group.Allocation.csv,175,4,4
355,perm_417_Summary.of.stats_Random.Group.Allocation.csv,175,18,16
356,perm_418_Summary.of.stats_Random.Group.Allocation.csv,175,18,16
357,perm_419_Summary.of.stats_Random.Group.Allocation.csv,175,7,7
358,perm_42_Summary.of.stats_Random.Group.Allocation.csv,175,7,7
359,perm_420_Summary.of.stats_Random.Group.Allocation.csv,175,7,7
360,perm_421_Summary.of.stats_Random.Group.Allocation.csv,175,29,21
361,perm_422_Summary.of.stats_Random.Group.Allocation.csv,175,0,0
362,perm_423_Summary.of.stats_Random.Group.Allocation.csv,175,14,13
363,perm_424_Summary.of.stats_Random.Group.Allocation.csv,175,26,23
364,perm_425_Summary.of.stats_Random.Group.Allocation.csv,175,0,0
365,perm_426_Summary.of.stats_Random.Group.Allocation.csv,175,0,0
366,perm_427_Summary.of.stats_Random.Group.Allocation.csv,175,8,8
367,perm_428_Summary.of.stats_Random.Group.Allocation.csv,175,9,8
368,perm_429_Summary.of.stats_Random.Group.Allocation.csv,175,21,20
369,perm_43_Summary.of.stats_Random.Group.Allocation.csv,175,2,2
370,perm_430_Summary.of.stats_Random.Group.Allocation.csv,175,33,27
371,perm_431_Summary.of.stats_Random.Group.Allocation.csv,175,21,17
372,perm_432_Summary.of.stats_Random.Group.Allocation.csv,175,10,10
373,perm_433_Summary.of.stats_Random.Group.Allocation.csv,175,9,8
374,perm_434_Summary.of.stats_Random.Group.Allocation.csv,175,9,8
375,perm_435_Summary.of.stats_Random.Group.Allocation.csv,175,1,1
376,perm_436_Summary.of.stats_Random.Group.Allocation.csv,175,26,21
377,perm_437_Summary.of.stats_Random.Group.Allocation.csv,175,2,2
378,perm_438_Summary.of.stats_Random.Group.Allocation.csv,175,5,5
379,perm_439_Summary.of.stats_Random.Group.Allocation.csv,175,28,23
380,perm_44_Summary.of.stats_Random.Group.Allocation.csv,175,5,5
381,perm_440_Summary.of.stats_Random.Group.Allocation.csv,175,7,7
382,perm_441_Summary.of.stats_Random.Group.Allocation.csv,175,15,13
383,perm_442_Summary.of.stats_Random.Group.Allocation.csv,175,19,17
384,perm_443_Summary.of.stats_Random.Group.Allocation.csv,175,7,7
385,perm_444_Summary.of.stats_Random.Group.Allocation.csv,175,2,2
386,perm_445_Summary.of.stats_Random.Group.Allocation.csv,175,19,18
387,perm_446_Summary.of.stats_Random.Group.Allocation.csv,175,1,1
388,perm_447_Summary.of.stats_Random.Group.Allocation.csv,175,2,2
389,perm_448_Summary.of.stats_Random.Group.Allocation.csv,175,1,1
390,perm_449_Summary.of.stats_Random.Group.Allocation.csv,175,9,9
391,perm_45_Summary.of.stats_Random.Group.Allocation.csv,175,14,14
392,perm_450_Summary.of.stats_Random.Group.Allocation.csv,175,4,4
393,perm_451_Summary.of.stats_Random.Group.Allocation.csv,175,11,11
394,perm_452_Summary.of.stats_Random.Group.Allocation.csv,175,0,0
395,perm_453_Summary.of.stats_Random.Group.Allocation.csv,175,18,16
396,perm_454_Summary.of.stats_Random.Group.Allocation.csv,175,1,1
397,perm_455_Summary.of.stats_Random.Group.Allocation.csv,175,0,0
398,perm_456_Summary.of.stats_Random.Group.Allocation.csv,175,16,16
399,perm_457_Summary.of.stats_Random.Group.Allocation.csv,175,1,1
400,perm_458_Summary.of.stats_Random.Group.Allocation.csv,175,14,13
401,perm_459_Summary.of.stats_Random.Group.Allocation.csv,175,3,3
402,perm_46_Summary.of.stats_Random.Group.Allocation.csv,175,20,16
403,perm_460_Summary.of.stats_Random.Group.Allocation.csv,175,10,10
404,perm_461_Summary.of.stats_Random.Group.Allocation.csv,175,4,4
405,perm_462_Summary.of.stats_Random.Group.Allocation.csv,175,7,7
406,perm_463_Summary.of.stats_Random.Group.Allocation.csv,175,16,14
407,perm_464_Summary.of.stats_Random.Group.Allocation.csv,175,16,15
408,perm_465_Summary.of.stats_Random.Group.Allocation.csv,175,10,9
409,perm_466_Summary.of.stats_Random.Group.Allocation.csv,175,13,12
410,perm_467_Summary.of.stats_Random.Group.Allocation.csv,175,3,3
411,perm_468_Summary.of.stats_Random.Group.Allocation.csv,175,0,0
412,perm_469_Summary.of.stats_Random.Group.Allocation.csv,175,0,0
413,perm_47_Summary.of.stats_Random.Group.Allocation.csv,175,15,14
414,perm_470_Summary.of.stats_Random.Group.Allocation.csv,175,18,16
415,perm_471_Summary.of.stats_Random.Group.Allocation.csv,175,14,12
416,perm_472_Summary.of.stats_Random.Group.Allocation.csv,175,7,7
417,perm_473_Summary.of.stats_Random.Group.Allocation.csv,175,12,12
418,perm_474_Summary.of.stats_Random.Group.Allocation.csv,175,0,0
419,perm_475_Summary.of.stats_Random.Group.Allocation.csv,175,13,11
420,perm_476_Summary.of.stats_Random.Group.Allocation.csv,175,7,6
421,perm_477_Summary.of.stats_Random.Group.Allocation.csv,175,4,4
422,perm_478_Summary.of.stats_Random.Group.Allocation.csv,175,7,7
423,perm_479_Summary.of.stats_Random.Group.Allocation.csv,175,0,0
424,perm_48_Summary.of.stats_Random.Group.Allocation.csv,175,23,19
425,perm_480_Summary.of.stats_Random.Group.Allocation.csv,175,3,3
426,perm_481_Summary.of.stats_Random.Group.Allocation.csv,175,20,18
427,perm_482_Summary.of.stats_Random.Group.Allocation.csv,175,11,11
428,perm_483_Summary.of.stats_Random.Group.Allocation.csv,175,21,17
429,perm_484_Summary.of.stats_Random.Group.Allocation.csv,175,15,15
430,perm_485_Summary.of.stats_Random.Group.Allocation.csv,175,10,9
431,perm_486_Summary.of.stats_Random.Group.Allocation.csv,175,14,11
432,perm_487_Summary.of.stats_Random.Group.Allocation.csv,175,15,13
433,perm_488_Summary.of.stats_Random.Group.Allocation.csv,175,0,0
434,perm_489_Summary.of.stats_Random.Group.Allocation.csv,175,12,12
435,perm_49_Summary.of.stats_Random.Group.Allocation.csv,175,0,0
436,perm_490_Summary.of.stats_Random.Group.Allocation.csv,175,3,3
437,perm_491_Summary.of.stats_Random.Group.Allocation.csv,175,0,0
438,perm_492_Summary.of.stats_Random.Group.Allocation.csv,175,9,9
439,perm_493_Summary.of.stats_Random.Group.Allocation.csv,175,18,16
440,perm_494_Summary.of.stats_Random.Group.Allocation.csv,175,25,22
441,perm_495_Summary.of.stats_Random.Group.Allocation.csv,175,3,3
442,perm_496_Summary.of.stats_Random.Group.Allocation.csv,175,4,4
443,perm_497_Summary.of.stats_Random.Group.Allocation.csv,175,13,13
444,perm_498_Summary.of.stats_Random.Group.Allocation.csv,175,29,21
445,perm_499_Summary.of.stats_Random.Group.Allocation.csv,175,12,9
446,perm_5_Summary.of.stats_Random.Group.Allocation.csv,175,14,14
447,perm_50_Summary.of.stats_Random.Group.Allocation.csv,175,0,0
448,perm_500_Summary.of.stats_Random.Group.Allocation.csv,175,7,7
449,perm_501_Summary.of.stats_Random.Group.Allocation.csv,175,2,2
450,perm_502_Summary.of.stats_Random.Group.Allocation.csv,175,19,19
451,perm_503_Summary.of.stats_Random.Group.Allocation.csv,175,1,1
452,perm_504_Summary.of.stats_Random.Group.Allocation.csv,175,13,13
453,perm_505_Summary.of.stats_Random.Group.Allocation.csv,175,20,19
454,perm_506_Summary.of.stats_Random.Group.Allocation.csv,175,1,1
455,perm_507_Summary.of.stats_Random.Group.Allocation.csv,175,0,0
456,perm_508_Summary.of.stats_Random.Group.Allocation.csv,175,15,14
457,perm_509_Summary.of.stats_Random.Group.Allocation.csv,175,8,8
458,perm_51_Summary.of.stats_Random.Group.Allocation.csv,175,4,4
459,perm_510_Summary.of.stats_Random.Group.Allocation.csv,175,14,13
460,perm_511_Summary.of.stats_Random.Group.Allocation.csv,175,6,6
461,perm_512_Summary.of.stats_Random.Group.Allocation.csv,175,30,26
462,perm_513_Summary.of.stats_Random.Group.Allocation.csv,175,4,4
463,perm_514_Summary.of.stats_Random.Group.Allocation.csv,175,20,19
464,perm_515_Summary.of.stats_Random.Group.Allocation.csv,175,0,0
465,perm_516_Summary.of.stats_Random.Group.Allocation.csv,175,1,1
466,perm_517_Summary.of.stats_Random.Group.Allocation.csv,175,18,17
467,perm_518_Summary.of.stats_Random.Group.Allocation.csv,175,13,13
468,perm_519_Summary.of.stats_Random.Group.Allocation.csv,175,15,15
469,perm_52_Summary.of.stats_Random.Group.Allocation.csv,175,1,1
470,perm_520_Summary.of.stats_Random.Group.Allocation.csv,175,4,4
471,perm_521_Summary.of.stats_Random.Group.Allocation.csv,175,0,0
472,perm_522_Summary.of.stats_Random.Group.Allocation.csv,175,8,8
473,perm_523_Summary.of.stats_Random.Group.Allocation.csv,175,8,6
474,perm_524_Summary.of.stats_Random.Group.Allocation.csv,175,4,4
475,perm_525_Summary.of.stats_Random.Group.Allocation.csv,175,11,11
476,perm_526_Summary.of.stats_Random.Group.Allocation.csv,175,9,8
477,perm_527_Summary.of.stats_Random.Group.Allocation.csv,175,1,1
478,perm_528_Summary.of.stats_Random.Group.Allocation.csv,175,1,1
479,perm_529_Summary.of.stats_Random.Group.Allocation.csv,175,1,1
480,perm_53_Summary.of.stats_Random.Group.Allocation.csv,175,18,17
481,perm_530_Summary.of.stats_Random.Group.Allocation.csv,175,1,1
482,perm_531_Summary.of.stats_Random.Group.Allocation.csv,175,3,3
483,perm_532_Summary.of.stats_Random.Group.Allocation.csv,175,14,11
484,perm_533_Summary.of.stats_Random.Group.Allocation.csv,175,5,5
485,perm_534_Summary.of.stats_Random.Group.Allocation.csv,175,2,2
486,perm_535_Summary.of.stats_Random.Group.Allocation.csv,175,22,21
487,perm_536_Summary.of.stats_Random.Group.Allocation.csv,175,5,5
488,perm_537_Summary.of.stats_Random.Group.Allocation.csv,175,0,0
489,perm_538_Summary.of.stats_Random.Group.Allocation.csv,175,4,4
490,perm_539_Summary.of.stats_Random.Group.Allocation.csv,175,0,0
491,perm_54_Summary.of.stats_Random.Group.Allocation.csv,175,11,9
492,perm_540_Summary.of.stats_Random.Group.Allocation.csv,175,8,8
493,perm_541_Summary.of.stats_Random.Group.Allocation.csv,175,6,5
494,perm_542_Summary.of.stats_Random.Group.Allocation.csv,175,0,0
495,perm_543_Summary.of.stats_Random.Group.Allocation.csv,175,17,16
496,perm_544_Summary.of.stats_Random.Group.Allocation.csv,175,11,11
497,perm_545_Summary.of.stats_Random.Group.Allocation.csv,175,2,2
498,perm_546_Summary.of.stats_Random.Group.Allocation.csv,175,5,5
499,perm_547_Summary.of.stats_Random.Group.Allocation.csv,175,13,13
500,perm_548_Summary.of.stats_Random.Group.Allocation.csv,175,35,30
501,perm_549_Summary.of.stats_Random.Group.Allocation.csv,175,10,9
502,perm_55_Summary.of.stats_Random.Group.Allocation.csv,175,13,10
503,perm_550_Summary.of.stats_Random.Group.Allocation.csv,175,1,1
504,perm_551_Summary.of.stats_Random.Group.Allocation.csv,175,13,11
505,perm_552_Summary.of.stats_Random.Group.Allocation.csv,175,7,6
506,perm_553_Summary.of.stats_Random.Group.Allocation.csv,175,11,8
507,perm_554_Summary.of.stats_Random.Group.Allocation.csv,175,0,0
508,perm_555_Summary.of.stats_Random.Group.Allocation.csv,175,3,3
509,perm_556_Summary.of.stats_Random.Group.Allocation.csv,175,18,15
510,perm_557_Summary.of.stats_Random.Group.Allocation.csv,175,6,6
511,perm_558_Summary.of.stats_Random.Group.Allocation.csv,175,0,0
512,perm_559_Summary.of.stats_Random.Group.Allocation.csv,175,10,9
513,perm_56_Summary.of.stats_Random.Group.Allocation.csv,175,22,19
514,perm_560_Summary.of.stats_Random.Group.Allocation.csv,175,0,0
515,perm_561_Summary.of.stats_Random.Group.Allocation.csv,175,0,0
516,perm_562_Summary.of.stats_Random.Group.Allocation.csv,175,2,2
517,perm_563_Summary.of.stats_Random.Group.Allocation.csv,175,4,4
518,perm_564_Summary.of.stats_Random.Group.Allocation.csv,175,12,11
519,perm_565_Summary.of.stats_Random.Group.Allocation.csv,175,11,11
520,perm_566_Summary.of.stats_Random.Group.Allocation.csv,175,11,11
521,perm_567_Summary.of.stats_Random.Group.Allocation.csv,175,6,6
522,perm_568_Summary.of.stats_Random.Group.Allocation.csv,175,10,10
523,perm_569_Summary.of.stats_Random.Group.Allocation.csv,175,5,4
524,perm_57_Summary.of.stats_Random.Group.Allocation.csv,175,1,1
525,perm_570_Summary.of.stats_Random.Group.Allocation.csv,175,8,7
526,perm_571_Summary.of.stats_Random.Group.Allocation.csv,175,18,17
527,perm_572_Summary.of.stats_Random.Group.Allocation.csv,175,10,8
528,perm_573_Summary.of.stats_Random.Group.Allocation.csv,175,0,0
529,perm_574_Summary.of.stats_Random.Group.Allocation.csv,175,1,1
530,perm_575_Summary.of.stats_Random.Group.Allocation.csv,175,0,0
531,perm_576_Summary.of.stats_Random.Group.Allocation.csv,175,0,0
532,perm_577_Summary.of.stats_Random.Group.Allocation.csv,175,4,4
533,perm_578_Summary.of.stats_Random.Group.Allocation.csv,175,14,13
534,perm_579_Summary.of.stats_Random.Group.Allocation.csv,175,13,13
535,perm_58_Summary.of.stats_Random.Group.Allocation.csv,175,13,11
536,perm_580_Summary.of.stats_Random.Group.Allocation.csv,175,0,0
537,perm_581_Summary.of.stats_Random.Group.Allocation.csv,175,4,4
538,perm_582_Summary.of.stats_Random.Group.Allocation.csv,175,0,0
539,perm_583_Summary.of.stats_Random.Group.Allocation.csv,175,9,7
540,perm_584_Summary.of.stats_Random.Group.Allocation.csv,175,0,0
541,perm_585_Summary.of.stats_Random.Group.Allocation.csv,175,11,10
542,perm_586_Summary.of.stats_Random.Group.Allocation.csv,175,0,0
543,perm_587_Summary.of.stats_Random.Group.Allocation.csv,175,1,1
544,perm_588_Summary.of.stats_Random.Group.Allocation.csv,175,2,2
545,perm_589_Summary.of.stats_Random.Group.Allocation.csv,175,12,11
546,perm_59_Summary.of.stats_Random.Group.Allocation.csv,175,14,14
547,perm_590_Summary.of.stats_Random.Group.Allocation.csv,175,19,18
548,perm_591_Summary.of.stats_Random.Group.Allocation.csv,175,4,4
549,perm_592_Summary.of.stats_Random.Group.Allocation.csv,175,5,5
550,perm_593_Summary.of.stats_Random.Group.Allocation.csv,175,17,16
551,perm_594_Summary.of.stats_Random.Group.Allocation.csv,175,8,8
552,perm_595_Summary.of.stats_Random.Group.Allocation.csv,175,10,10
553,perm_596_Summary.of.stats_Random.Group.Allocation.csv,175,2,2
554,perm_597_Summary.of.stats_Random.Group.Allocation.csv,175,4,4
555,perm_598_Summary.of.stats_Random.Group.Allocation.csv,175,2,2
556,perm_599_Summary.of.stats_Random.Group.Allocation.csv,175,15,13
557,perm_6_Summary.of.stats_Random.Group.Allocation.csv,175,3,3
558,perm_60_Summary.of.stats_Random.Group.Allocation.csv,175,0,0
559,perm_600_Summary.of.stats_Random.Group.Allocation.csv,175,0,0
560,perm_601_Summary.of.stats_Random.Group.Allocation.csv,175,9,8
561,perm_602_Summary.of.stats_Random.Group.Allocation.csv,175,4,3
562,perm_603_Summary.of.stats_Random.Group.Allocation.csv,175,3,3
563,perm_604_Summary.of.stats_Random.Group.Allocation.csv,175,3,3
564,perm_605_Summary.of.stats_Random.Group.Allocation.csv,175,17,17
565,perm_606_Summary.of.stats_Random.Group.Allocation.csv,175,14,13
566,perm_607_Summary.of.stats_Random.Group.Allocation.csv,175,4,4
567,perm_608_Summary.of.stats_Random.Group.Allocation.csv,175,0,0
568,perm_609_Summary.of.stats_Random.Group.Allocation.csv,175,13,12
569,perm_61_Summary.of.stats_Random.Group.Allocation.csv,175,5,5
570,perm_610_Summary.of.stats_Random.Group.Allocation.csv,175,21,20
571,perm_611_Summary.of.stats_Random.Group.Allocation.csv,175,20,17
572,perm_612_Summary.of.stats_Random.Group.Allocation.csv,175,18,15
573,perm_613_Summary.of.stats_Random.Group.Allocation.csv,175,6,6
574,perm_614_Summary.of.stats_Random.Group.Allocation.csv,175,0,0
575,perm_615_Summary.of.stats_Random.Group.Allocation.csv,175,0,0
576,perm_616_Summary.of.stats_Random.Group.Allocation.csv,175,19,18
577,perm_617_Summary.of.stats_Random.Group.Allocation.csv,175,0,0
578,perm_618_Summary.of.stats_Random.Group.Allocation.csv,175,25,22
579,perm_619_Summary.of.stats_Random.Group.Allocation.csv,175,1,1
580,perm_62_Summary.of.stats_Random.Group.Allocation.csv,175,16,14
581,perm_620_Summary.of.stats_Random.Group.Allocation.csv,175,13,11
582,perm_621_Summary.of.stats_Random.Group.Allocation.csv,175,17,15
583,perm_622_Summary.of.stats_Random.Group.Allocation.csv,175,0,0
584,perm_623_Summary.of.stats_Random.Group.Allocation.csv,175,0,0
585,perm_624_Summary.of.stats_Random.Group.Allocation.csv,175,15,14
586,perm_625_Summary.of.stats_Random.Group.Allocation.csv,175,6,6
587,perm_626_Summary.of.stats_Random.Group.Allocation.csv,175,0,0
588,perm_627_Summary.of.stats_Random.Group.Allocation.csv,175,14,13
589,perm_628_Summary.of.stats_Random.Group.Allocation.csv,175,0,0
590,perm_629_Summary.of.stats_Random.Group.Allocation.csv,175,5,5
591,perm_63_Summary.of.stats_Random.Group.Allocation.csv,175,15,15
592,perm_630_Summary.of.stats_Random.Group.Allocation.csv,175,4,3
593,perm_631_Summary.of.stats_Random.Group.Allocation.csv,175,7,7
594,perm_632_Summary.of.stats_Random.Group.Allocation.csv,175,10,10
595,perm_633_Summary.of.stats_Random.Group.Allocation.csv,175,7,7
596,perm_634_Summary.of.stats_Random.Group.Allocation.csv,175,6,5
597,perm_635_Summary.of.stats_Random.Group.Allocation.csv,175,4,3
598,perm_636_Summary.of.stats_Random.Group.Allocation.csv,175,22,21
599,perm_637_Summary.of.stats_Random.Group.Allocation.csv,175,2,1
600,perm_638_Summary.of.stats_Random.Group.Allocation.csv,175,26,23
601,perm_639_Summary.of.stats_Random.Group.Allocation.csv,175,25,20
602,perm_64_Summary.of.stats_Random.Group.Allocation.csv,175,9,9
603,perm_640_Summary.of.stats_Random.Group.Allocation.csv,175,0,0
604,perm_641_Summary.of.stats_Random.Group.Allocation.csv,175,14,13
605,perm_642_Summary.of.stats_Random.Group.Allocation.csv,175,3,3
606,perm_643_Summary.of.stats_Random.Group.Allocation.csv,175,14,12
607,perm_644_Summary.of.stats_Random.Group.Allocation.csv,175,13,12
608,perm_645_Summary.of.stats_Random.Group.Allocation.csv,175,10,9
609,perm_646_Summary.of.stats_Random.Group.Allocation.csv,175,13,11
610,perm_647_Summary.of.stats_Random.Group.Allocation.csv,175,3,3
611,perm_648_Summary.of.stats_Random.Group.Allocation.csv,175,12,12
612,perm_649_Summary.of.stats_Random.Group.Allocation.csv,175,4,3
613,perm_65_Summary.of.stats_Random.Group.Allocation.csv,175,1,1
614,perm_650_Summary.of.stats_Random.Group.Allocation.csv,175,8,8
615,perm_651_Summary.of.stats_Random.Group.Allocation.csv,175,4,4
616,perm_652_Summary.of.stats_Random.Group.Allocation.csv,175,5,5
617,perm_653_Summary.of.stats_Random.Group.Allocation.csv,175,6,6
618,perm_654_Summary.of.stats_Random.Group.Allocation.csv,175,12,12
619,perm_655_Summary.of.stats_Random.Group.Allocation.csv,175,7,7
620,perm_656_Summary.of.stats_Random.Group.Allocation.csv,175,0,0
621,perm_657_Summary.of.stats_Random.Group.Allocation.csv,175,8,8
622,perm_658_Summary.of.stats_Random.Group.Allocation.csv,175,7,7
623,perm_659_Summary.of.stats_Random.Group.Allocation.csv,175,25,24
624,perm_66_Summary.of.stats_Random.Group.Allocation.csv,175,8,7
625,perm_660_Summary.of.stats_Random.Group.Allocation.csv,175,9,9
626,perm_661_Summary.of.stats_Random.Group.Allocation.csv,175,0,0
627,perm_662_Summary.of.stats_Random.Group.Allocation.csv,175,20,17
628,perm_663_Summary.of.stats_Random.Group.Allocation.csv,175,19,18
629,perm_664_Summary.of.stats_Random.Group.Allocation.csv,175,11,11
630,perm_665_Summary.of.stats_Random.Group.Allocation.csv,175,6,6
631,perm_666_Summary.of.stats_Random.Group.Allocation.csv,175,5,5
632,perm_667_Summary.of.stats_Random.Group.Allocation.csv,175,0,0
633,perm_668_Summary.of.stats_Random.Group.Allocation.csv,175,36,31
634,perm_669_Summary.of.stats_Random.Group.Allocation.csv,175,3,3
635,perm_67_Summary.of.stats_Random.Group.Allocation.csv,175,4,4
636,perm_670_Summary.of.stats_Random.Group.Allocation.csv,175,2,2
637,perm_671_Summary.of.stats_Random.Group.Allocation.csv,175,11,11
638,perm_672_Summary.of.stats_Random.Group.Allocation.csv,175,0,0
639,perm_673_Summary.of.stats_Random.Group.Allocation.csv,175,8,8
640,perm_674_Summary.of.stats_Random.Group.Allocation.csv,175,8,8
641,perm_675_Summary.of.stats_Random.Group.Allocation.csv,175,14,14
642,perm_676_Summary.of.stats_Random.Group.Allocation.csv,175,5,5
643,perm_677_Summary.of.stats_Random.Group.Allocation.csv,175,8,8
644,perm_678_Summary.of.stats_Random.Group.Allocation.csv,175,1,1
645,perm_679_Summary.of.stats_Random.Group.Allocation.csv,175,4,4
646,perm_68_Summary.of.stats_Random.Group.Allocation.csv,175,8,7
647,perm_680_Summary.of.stats_Random.Group.Allocation.csv,175,6,4
648,perm_681_Summary.of.stats_Random.Group.Allocation.csv,175,10,9
649,perm_682_Summary.of.stats_Random.Group.Allocation.csv,175,16,16
650,perm_683_Summary.of.stats_Random.Group.Allocation.csv,175,4,4
651,perm_684_Summary.of.stats_Random.Group.Allocation.csv,175,10,9
652,perm_685_Summary.of.stats_Random.Group.Allocation.csv,175,12,11
653,perm_686_Summary.of.stats_Random.Group.Allocation.csv,175,2,2
654,perm_687_Summary.of.stats_Random.Group.Allocation.csv,175,1,1
655,perm_688_Summary.of.stats_Random.Group.Allocation.csv,175,36,29
656,perm_689_Summary.of.stats_Random.Group.Allocation.csv,175,17,14
657,perm_69_Summary.of.stats_Random.Group.Allocation.csv,175,4,3
658,perm_690_Summary.of.stats_Random.Group.Allocation.csv,175,18,17
659,perm_691_Summary.of.stats_Random.Group.Allocation.csv,175,3,2
660,perm_692_Summary.of.stats_Random.Group.Allocation.csv,175,0,0
661,perm_693_Summary.of.stats_Random.Group.Allocation.csv,175,10,10
662,perm_694_Summary.of.stats_Random.Group.Allocation.csv,175,0,0
663,perm_695_Summary.of.stats_Random.Group.Allocation.csv,175,6,6
664,perm_696_Summary.of.stats_Random.Group.Allocation.csv,175,8,8
665,perm_697_Summary.of.stats_Random.Group.Allocation.csv,175,3,3
666,perm_698_Summary.of.stats_Random.Group.Allocation.csv,175,27,26
667,perm_699_Summary.of.stats_Random.Group.Allocation.csv,175,2,2
668,perm_7_Summary.of.stats_Random.Group.Allocation.csv,175,15,13
669,perm_70_Summary.of.stats_Random.Group.Allocation.csv,175,14,12
670,perm_700_Summary.of.stats_Random.Group.Allocation.csv,175,10,10
671,perm_701_Summary.of.stats_Random.Group.Allocation.csv,175,12,12
672,perm_702_Summary.of.stats_Random.Group.Allocation.csv,175,8,8
673,perm_703_Summary.of.stats_Random.Group.Allocation.csv,175,4,4
674,perm_704_Summary.of.stats_Random.Group.Allocation.csv,175,0,0
675,perm_705_Summary.of.stats_Random.Group.Allocation.csv,175,1,1
676,perm_706_Summary.of.stats_Random.Group.Allocation.csv,175,0,0
677,perm_707_Summary.of.stats_Random.Group.Allocation.csv,175,13,13
678,perm_708_Summary.of.stats_Random.Group.Allocation.csv,175,0,0
679,perm_709_Summary.of.stats_Random.Group.Allocation.csv,175,9,9
680,perm_71_Summary.of.stats_Random.Group.Allocation.csv,175,1,1
681,perm_710_Summary.of.stats_Random.Group.Allocation.csv,175,6,6
682,perm_711_Summary.of.stats_Random.Group.Allocation.csv,175,18,17
683,perm_712_Summary.of.stats_Random.Group.Allocation.csv,175,16,12
684,perm_713_Summary.of.stats_Random.Group.Allocation.csv,175,2,2
685,perm_714_Summary.of.stats_Random.Group.Allocation.csv,175,5,3
686,perm_715_Summary.of.stats_Random.Group.Allocation.csv,175,14,13
687,perm_716_Summary.of.stats_Random.Group.Allocation.csv,175,8,8
688,perm_717_Summary.of.stats_Random.Group.Allocation.csv,175,19,17
689,perm_718_Summary.of.stats_Random.Group.Allocation.csv,175,11,11
690,perm_719_Summary.of.stats_Random.Group.Allocation.csv,175,3,3
691,perm_72_Summary.of.stats_Random.Group.Allocation.csv,175,0,0
692,perm_720_Summary.of.stats_Random.Group.Allocation.csv,175,3,3
693,perm_721_Summary.of.stats_Random.Group.Allocation.csv,175,0,0
694,perm_722_Summary.of.stats_Random.Group.Allocation.csv,175,12,11
695,perm_723_Summary.of.stats_Random.Group.Allocation.csv,175,7,7
696,perm_724_Summary.of.stats_Random.Group.Allocation.csv,175,25,24
697,perm_725_Summary.of.stats_Random.Group.Allocation.csv,175,18,16
698,perm_726_Summary.of.stats_Random.Group.Allocation.csv,175,11,10
699,perm_727_Summary.of.stats_Random.Group.Allocation.csv,175,4,4
700,perm_728_Summary.of.stats_Random.Group.Allocation.csv,175,0,0
701,perm_729_Summary.of.stats_Random.Group.Allocation.csv,175,27,23
702,perm_73_Summary.of.stats_Random.Group.Allocation.csv,175,5,5
703,perm_730_Summary.of.stats_Random.Group.Allocation.csv,175,17,16
704,perm_731_Summary.of.stats_Random.Group.Allocation.csv,175,10,10
705,perm_732_Summary.of.stats_Random.Group.Allocation.csv,175,18,16
706,perm_733_Summary.of.stats_Random.Group.Allocation.csv,175,10,10
707,perm_734_Summary.of.stats_Random.Group.Allocation.csv,175,0,0
708,perm_735_Summary.of.stats_Random.Group.Allocation.csv,175,2,2
709,perm_736_Summary.of.stats_Random.Group.Allocation.csv,175,9,9
710,perm_737_Summary.of.stats_Random.Group.Allocation.csv,175,16,13
711,perm_738_Summary.of.stats_Random.Group.Allocation.csv,175,3,2
712,perm_739_Summary.of.stats_Random.Group.Allocation.csv,175,10,10
713,perm_74_Summary.of.stats_Random.Group.Allocation.csv,175,3,3
714,perm_740_Summary.of.stats_Random.Group.Allocation.csv,175,9,9
715,perm_741_Summary.of.stats_Random.Group.Allocation.csv,175,12,12
716,perm_742_Summary.of.stats_Random.Group.Allocation.csv,175,9,6
717,perm_743_Summary.of.stats_Random.Group.Allocation.csv,175,0,0
718,perm_744_Summary.of.stats_Random.Group.Allocation.csv,175,6,6
719,perm_745_Summary.of.stats_Random.Group.Allocation.csv,175,2,2
720,perm_746_Summary.of.stats_Random.Group.Allocation.csv,175,9,9
721,perm_747_Summary.of.stats_Random.Group.Allocation.csv,175,10,10
722,perm_748_Summary.of.stats_Random.Group.Allocation.csv,175,5,5
723,perm_749_Summary.of.stats_Random.Group.Allocation.csv,175,14,11
724,perm_75_Summary.of.stats_Random.Group.Allocation.csv,175,10,9
725,perm_750_Summary.of.stats_Random.Group.Allocation.csv,175,10,9
726,perm_751_Summary.of.stats_Random.Group.Allocation.csv,175,8,8
727,perm_752_Summary.of.stats_Random.Group.Allocation.csv,175,10,10
728,perm_753_Summary.of.stats_Random.Group.Allocation.csv,175,18,17
729,perm_754_Summary.of.stats_Random.Group.Allocation.csv,175,16,14
730,perm_755_Summary.of.stats_Random.Group.Allocation.csv,175,0,0
731,perm_756_Summary.of.stats_Random.Group.Allocation.csv,175,14,12
732,perm_757_Summary.of.stats_Random.Group.Allocation.csv,175,1,1
733,perm_758_Summary.of.stats_Random.Group.Allocation.csv,175,1,1
734,perm_759_Summary.of.stats_Random.Group.Allocation.csv,175,3,3
735,perm_76_Summary.of.stats_Random.Group.Allocation.csv,175,6,6
736,perm_760_Summary.of.stats_Random.Group.Allocation.csv,175,7,7
737,perm_761_Summary.of.stats_Random.Group.Allocation.csv,175,6,6
738,perm_762_Summary.of.stats_Random.Group.Allocation.csv,175,12,10
739,perm_763_Summary.of.stats_Random.Group.Allocation.csv,175,11,11
740,perm_764_Summary.of.stats_Random.Group.Allocation.csv,175,38,29
741,perm_765_Summary.of.stats_Random.Group.Allocation.csv,175,29,25
742,perm_766_Summary.of.stats_Random.Group.Allocation.csv,175,3,3
743,perm_767_Summary.of.stats_Random.Group.Allocation.csv,175,18,15
744,perm_768_Summary.of.stats_Random.Group.Allocation.csv,175,12,11
745,perm_769_Summary.of.stats_Random.Group.Allocation.csv,175,12,12
746,perm_77_Summary.of.stats_Random.Group.Allocation.csv,175,0,0
747,perm_770_Summary.of.stats_Random.Group.Allocation.csv,175,10,8
748,perm_771_Summary.of.stats_Random.Group.Allocation.csv,175,1,1
749,perm_772_Summary.of.stats_Random.Group.Allocation.csv,175,21,13
750,perm_773_Summary.of.stats_Random.Group.Allocation.csv,175,24,22
751,perm_774_Summary.of.stats_Random.Group.Allocation.csv,175,0,0
752,perm_775_Summary.of.stats_Random.Group.Allocation.csv,175,14,11
753,perm_776_Summary.of.stats_Random.Group.Allocation.csv,175,0,0
754,perm_777_Summary.of.stats_Random.Group.Allocation.csv,175,7,7
755,perm_778_Summary.of.stats_Random.Group.Allocation.csv,175,12,10
756,perm_779_Summary.of.stats_Random.Group.Allocation.csv,175,1,1
757,perm_78_Summary.of.stats_Random.Group.Allocation.csv,175,7,7
758,perm_780_Summary.of.stats_Random.Group.Allocation.csv,175,14,14
759,perm_781_Summary.of.stats_Random.Group.Allocation.csv,175,25,21
760,perm_782_Summary.of.stats_Random.Group.Allocation.csv,175,19,15
761,perm_783_Summary.of.stats_Random.Group.Allocation.csv,175,25,23
762,perm_784_Summary.of.stats_Random.Group.Allocation.csv,175,20,17
763,perm_785_Summary.of.stats_Random.Group.Allocation.csv,175,22,19
764,perm_786_Summary.of.stats_Random.Group.Allocation.csv,175,0,0
765,perm_787_Summary.of.stats_Random.Group.Allocation.csv,175,0,0
766,perm_788_Summary.of.stats_Random.Group.Allocation.csv,175,23,19
767,perm_789_Summary.of.stats_Random.Group.Allocation.csv,175,0,0
768,perm_79_Summary.of.stats_Random.Group.Allocation.csv,175,8,8
769,perm_790_Summary.of.stats_Random.Group.Allocation.csv,175,21,20
770,perm_791_Summary.of.stats_Random.Group.Allocation.csv,175,19,19
771,perm_792_Summary.of.stats_Random.Group.Allocation.csv,175,10,9
772,perm_793_Summary.of.stats_Random.Group.Allocation.csv,175,0,0
773,perm_794_Summary.of.stats_Random.Group.Allocation.csv,175,9,9
774,perm_795_Summary.of.stats_Random.Group.Allocation.csv,175,7,7
775,perm_796_Summary.of.stats_Random.Group.Allocation.csv,175,2,2
776,perm_797_Summary.of.stats_Random.Group.Allocation.csv,175,2,2
777,perm_798_Summary.of.stats_Random.Group.Allocation.csv,175,12,12
778,perm_799_Summary.of.stats_Random.Group.Allocation.csv,175,12,12
779,perm_8_Summary.of.stats_Random.Group.Allocation.csv,175,14,13
780,perm_80_Summary.of.stats_Random.Group.Allocation.csv,175,5,5
781,perm_800_Summary.of.stats_Random.Group.Allocation.csv,175,22,22
782,perm_801_Summary.of.stats_Random.Group.Allocation.csv,175,9,9
783,perm_802_Summary.of.stats_Random.Group.Allocation.csv,175,14,14
784,perm_803_Summary.of.stats_Random.Group.Allocation.csv,175,17,16
785,perm_804_Summary.of.stats_Random.Group.Allocation.csv,175,7,7
786,perm_805_Summary.of.stats_Random.Group.Allocation.csv,175,27,25
787,perm_806_Summary.of.stats_Random.Group.Allocation.csv,175,21,16
788,perm_807_Summary.of.stats_Random.Group.Allocation.csv,175,28,22
789,perm_808_Summary.of.stats_Random.Group.Allocation.csv,175,0,0
790,perm_809_Summary.of.stats_Random.Group.Allocation.csv,175,0,0
791,perm_81_Summary.of.stats_Random.Group.Allocation.csv,175,3,2
792,perm_810_Summary.of.stats_Random.Group.Allocation.csv,175,9,9
793,perm_811_Summary.of.stats_Random.Group.Allocation.csv,175,0,0
794,perm_812_Summary.of.stats_Random.Group.Allocation.csv,175,21,19
795,perm_813_Summary.of.stats_Random.Group.Allocation.csv,175,0,0
796,perm_814_Summary.of.stats_Random.Group.Allocation.csv,175,1,1
797,perm_815_Summary.of.stats_Random.Group.Allocation.csv,175,0,0
798,perm_816_Summary.of.stats_Random.Group.Allocation.csv,175,19,19
799,perm_817_Summary.of.stats_Random.Group.Allocation.csv,175,3,3
800,perm_818_Summary.of.stats_Random.Group.Allocation.csv,175,3,3
801,perm_819_Summary.of.stats_Random.Group.Allocation.csv,175,0,0
802,perm_82_Summary.of.stats_Random.Group.Allocation.csv,175,3,3
803,perm_820_Summary.of.stats_Random.Group.Allocation.csv,175,11,10
804,perm_821_Summary.of.stats_Random.Group.Allocation.csv,175,0,0
805,perm_822_Summary.of.stats_Random.Group.Allocation.csv,175,2,2
806,perm_823_Summary.of.stats_Random.Group.Allocation.csv,175,17,17
807,perm_824_Summary.of.stats_Random.Group.Allocation.csv,175,0,0
808,perm_825_Summary.of.stats_Random.Group.Allocation.csv,175,0,0
809,perm_826_Summary.of.stats_Random.Group.Allocation.csv,175,8,7
810,perm_827_Summary.of.stats_Random.Group.Allocation.csv,175,7,7
811,perm_828_Summary.of.stats_Random.Group.Allocation.csv,175,2,2
812,perm_829_Summary.of.stats_Random.Group.Allocation.csv,175,8,8
813,perm_83_Summary.of.stats_Random.Group.Allocation.csv,175,20,18
814,perm_830_Summary.of.stats_Random.Group.Allocation.csv,175,2,2
815,perm_831_Summary.of.stats_Random.Group.Allocation.csv,175,2,2
816,perm_832_Summary.of.stats_Random.Group.Allocation.csv,175,10,10
817,perm_833_Summary.of.stats_Random.Group.Allocation.csv,175,4,4
818,perm_834_Summary.of.stats_Random.Group.Allocation.csv,175,13,13
819,perm_835_Summary.of.stats_Random.Group.Allocation.csv,175,1,1
820,perm_836_Summary.of.stats_Random.Group.Allocation.csv,175,1,1
821,perm_837_Summary.of.stats_Random.Group.Allocation.csv,175,0,0
822,perm_838_Summary.of.stats_Random.Group.Allocation.csv,175,7,7
823,perm_839_Summary.of.stats_Random.Group.Allocation.csv,175,4,4
824,perm_84_Summary.of.stats_Random.Group.Allocation.csv,175,0,0
825,perm_840_Summary.of.stats_Random.Group.Allocation.csv,175,12,11
826,perm_841_Summary.of.stats_Random.Group.Allocation.csv,175,10,9
827,perm_842_Summary.of.stats_Random.Group.Allocation.csv,175,25,23
828,perm_843_Summary.of.stats_Random.Group.Allocation.csv,175,6,5
829,perm_844_Summary.of.stats_Random.Group.Allocation.csv,175,7,7
830,perm_845_Summary.of.stats_Random.Group.Allocation.csv,175,19,18
831,perm_846_Summary.of.stats_Random.Group.Allocation.csv,175,21,19
832,perm_847_Summary.of.stats_Random.Group.Allocation.csv,175,0,0
833,perm_848_Summary.of.stats_Random.Group.Allocation.csv,175,11,11
834,perm_849_Summary.of.stats_Random.Group.Allocation.csv,175,22,20
835,perm_85_Summary.of.stats_Random.Group.Allocation.csv,175,12,12
836,perm_850_Summary.of.stats_Random.Group.Allocation.csv,175,0,0
837,perm_851_Summary.of.stats_Random.Group.Allocation.csv,175,12,10
838,perm_852_Summary.of.stats_Random.Group.Allocation.csv,175,7,7
839,perm_853_Summary.of.stats_Random.Group.Allocation.csv,175,5,5
840,perm_854_Summary.of.stats_Random.Group.Allocation.csv,175,11,11
841,perm_855_Summary.of.stats_Random.Group.Allocation.csv,175,12,10
842,perm_856_Summary.of.stats_Random.Group.Allocation.csv,175,11,10
843,perm_857_Summary.of.stats_Random.Group.Allocation.csv,175,14,14
844,perm_858_Summary.of.stats_Random.Group.Allocation.csv,175,10,9
845,perm_859_Summary.of.stats_Random.Group.Allocation.csv,175,7,7
846,perm_86_Summary.of.stats_Random.Group.Allocation.csv,175,3,3
847,perm_860_Summary.of.stats_Random.Group.Allocation.csv,175,3,3
848,perm_861_Summary.of.stats_Random.Group.Allocation.csv,175,1,1
849,perm_862_Summary.of.stats_Random.Group.Allocation.csv,175,24,21
850,perm_863_Summary.of.stats_Random.Group.Allocation.csv,175,1,1
851,perm_864_Summary.of.stats_Random.Group.Allocation.csv,175,5,5
852,perm_865_Summary.of.stats_Random.Group.Allocation.csv,175,10,10
853,perm_866_Summary.of.stats_Random.Group.Allocation.csv,175,2,2
854,perm_867_Summary.of.stats_Random.Group.Allocation.csv,175,10,10
855,perm_868_Summary.of.stats_Random.Group.Allocation.csv,175,2,2
856,perm_869_Summary.of.stats_Random.Group.Allocation.csv,175,1,1
857,perm_87_Summary.of.stats_Random.Group.Allocation.csv,175,4,4
858,perm_870_Summary.of.stats_Random.Group.Allocation.csv,175,33,31
859,perm_871_Summary.of.stats_Random.Group.Allocation.csv,175,6,6
860,perm_872_Summary.of.stats_Random.Group.Allocation.csv,175,19,18
861,perm_873_Summary.of.stats_Random.Group.Allocation.csv,175,4,4
862,perm_874_Summary.of.stats_Random.Group.Allocation.csv,175,23,17
863,perm_875_Summary.of.stats_Random.Group.Allocation.csv,175,3,3
864,perm_876_Summary.of.stats_Random.Group.Allocation.csv,175,0,0
865,perm_877_Summary.of.stats_Random.Group.Allocation.csv,175,21,19
866,perm_878_Summary.of.stats_Random.Group.Allocation.csv,175,13,12
867,perm_879_Summary.of.stats_Random.Group.Allocation.csv,175,18,15
868,perm_88_Summary.of.stats_Random.Group.Allocation.csv,175,1,1
869,perm_880_Summary.of.stats_Random.Group.Allocation.csv,175,32,25
870,perm_881_Summary.of.stats_Random.Group.Allocation.csv,175,7,7
871,perm_882_Summary.of.stats_Random.Group.Allocation.csv,175,15,14
872,perm_883_Summary.of.stats_Random.Group.Allocation.csv,175,33,31
873,perm_884_Summary.of.stats_Random.Group.Allocation.csv,175,2,2
874,perm_885_Summary.of.stats_Random.Group.Allocation.csv,175,2,2
875,perm_886_Summary.of.stats_Random.Group.Allocation.csv,175,11,11
876,perm_887_Summary.of.stats_Random.Group.Allocation.csv,175,2,2
877,perm_888_Summary.of.stats_Random.Group.Allocation.csv,175,8,8
878,perm_889_Summary.of.stats_Random.Group.Allocation.csv,175,6,6
879,perm_89_Summary.of.stats_Random.Group.Allocation.csv,175,1,1
880,perm_890_Summary.of.stats_Random.Group.Allocation.csv,175,11,10
881,perm_891_Summary.of.stats_Random.Group.Allocation.csv,175,9,8
882,perm_892_Summary.of.stats_Random.Group.Allocation.csv,175,16,14
883,perm_893_Summary.of.stats_Random.Group.Allocation.csv,175,11,11
884,perm_894_Summary.of.stats_Random.Group.Allocation.csv,175,2,2
885,perm_895_Summary.of.stats_Random.Group.Allocation.csv,175,0,0
886,perm_896_Summary.of.stats_Random.Group.Allocation.csv,175,9,9
887,perm_897_Summary.of.stats_Random.Group.Allocation.csv,175,0,0
888,perm_898_Summary.of.stats_Random.Group.Allocation.csv,175,1,1
889,perm_899_Summary.of.stats_Random.Group.Allocation.csv,175,13,11
890,perm_9_Summary.of.stats_Random.Group.Allocation.csv,175,15,12
891,perm_90_Summary.of.stats_Random.Group.Allocation.csv,175,25,25
892,perm_900_Summary.of.stats_Random.Group.Allocation.csv,175,4,4
893,perm_901_Summary.of.stats_Random.Group.Allocation.csv,175,9,9
894,perm_902_Summary.of.stats_Random.Group.Allocation.csv,175,15,15
895,perm_903_Summary.of.stats_Random.Group.Allocation.csv,175,17,14
896,perm_904_Summary.of.stats_Random.Group.Allocation.csv,175,14,10
897,perm_905_Summary.of.stats_Random.Group.Allocation.csv,175,4,4
898,perm_906_Summary.of.stats_Random.Group.Allocation.csv,175,10,10
899,perm_907_Summary.of.stats_Random.Group.Allocation.csv,175,7,7
900,perm_908_Summary.of.stats_Random.Group.Allocation.csv,175,1,1
901,perm_909_Summary.of.stats_Random.Group.Allocation.csv,175,15,13
902,perm_91_Summary.of.stats_Random.Group.Allocation.csv,175,11,10
903,perm_910_Summary.of.stats_Random.Group.Allocation.csv,175,8,8
904,perm_911_Summary.of.stats_Random.Group.Allocation.csv,175,9,9
905,perm_912_Summary.of.stats_Random.Group.Allocation.csv,175,12,11
906,perm_913_Summary.of.stats_Random.Group.Allocation.csv,175,8,7
907,perm_914_Summary.of.stats_Random.Group.Allocation.csv,175,6,6
908,perm_915_Summary.of.stats_Random.Group.Allocation.csv,175,13,13
909,perm_916_Summary.of.stats_Random.Group.Allocation.csv,175,15,13
910,perm_917_Summary.of.stats_Random.Group.Allocation.csv,175,7,7
911,perm_918_Summary.of.stats_Random.Group.Allocation.csv,175,15,14
912,perm_919_Summary.of.stats_Random.Group.Allocation.csv,175,16,12
913,perm_92_Summary.of.stats_Random.Group.Allocation.csv,175,6,6
914,perm_920_Summary.of.stats_Random.Group.Allocation.csv,175,5,5
915,perm_921_Summary.of.stats_Random.Group.Allocation.csv,175,7,7
916,perm_922_Summary.of.stats_Random.Group.Allocation.csv,175,26,25
917,perm_923_Summary.of.stats_Random.Group.Allocation.csv,175,11,11
918,perm_924_Summary.of.stats_Random.Group.Allocation.csv,175,0,0
919,perm_925_Summary.of.stats_Random.Group.Allocation.csv,175,3,3
920,perm_926_Summary.of.stats_Random.Group.Allocation.csv,175,0,0
921,perm_927_Summary.of.stats_Random.Group.Allocation.csv,175,11,11
922,perm_928_Summary.of.stats_Random.Group.Allocation.csv,175,0,0
923,perm_929_Summary.of.stats_Random.Group.Allocation.csv,175,0,0
924,perm_93_Summary.of.stats_Random.Group.Allocation.csv,175,0,0
925,perm_930_Summary.of.stats_Random.Group.Allocation.csv,175,26,20
926,perm_931_Summary.of.stats_Random.Group.Allocation.csv,175,8,7
927,perm_932_Summary.of.stats_Random.Group.Allocation.csv,175,18,17
928,perm_933_Summary.of.stats_Random.Group.Allocation.csv,175,8,8
929,perm_934_Summary.of.stats_Random.Group.Allocation.csv,175,5,5
930,perm_935_Summary.of.stats_Random.Group.Allocation.csv,175,18,16
931,perm_936_Summary.of.stats_Random.Group.Allocation.csv,175,0,0
932,perm_937_Summary.of.stats_Random.Group.Allocation.csv,175,12,11
933,perm_938_Summary.of.stats_Random.Group.Allocation.csv,175,0,0
934,perm_939_Summary.of.stats_Random.Group.Allocation.csv,175,3,2
935,perm_94_Summary.of.stats_Random.Group.Allocation.csv,175,21,17
936,perm_940_Summary.of.stats_Random.Group.Allocation.csv,175,0,0
937,perm_941_Summary.of.stats_Random.Group.Allocation.csv,175,8,8
938,perm_942_Summary.of.stats_Random.Group.Allocation.csv,175,12,12
939,perm_943_Summary.of.stats_Random.Group.Allocation.csv,175,4,4
940,perm_944_Summary.of.stats_Random.Group.Allocation.csv,175,11,11
941,perm_945_Summary.of.stats_Random.Group.Allocation.csv,175,9,8
942,perm_946_Summary.of.stats_Random.Group.Allocation.csv,175,10,9
943,perm_947_Summary.of.stats_Random.Group.Allocation.csv,175,8,8
944,perm_948_Summary.of.stats_Random.Group.Allocation.csv,175,0,0
945,perm_949_Summary.of.stats_Random.Group.Allocation.csv,175,10,9
946,perm_95_Summary.of.stats_Random.Group.Allocation.csv,175,9,8
947,perm_950_Summary.of.stats_Random.Group.Allocation.csv,175,6,6
948,perm_951_Summary.of.stats_Random.Group.Allocation.csv,175,10,9
949,perm_952_Summary.of.stats_Random.Group.Allocation.csv,175,24,19
950,perm_953_Summary.of.stats_Random.Group.Allocation.csv,175,18,15
951,perm_954_Summary.of.stats_Random.Group.Allocation.csv,175,2,2
952,perm_955_Summary.of.stats_Random.Group.Allocation.csv,175,5,5
953,perm_956_Summary.of.stats_Random.Group.Allocation.csv,175,5,5
954,perm_957_Summary.of.stats_Random.Group.Allocation.csv,175,21,18
955,perm_958_Summary.of.stats_Random.Group.Allocation.csv,175,1,1
956,perm_959_Summary.of.stats_Random.Group.Allocation.csv,175,8,7
957,perm_96_Summary.of.stats_Random.Group.Allocation.csv,175,3,3
958,perm_960_Summary.of.stats_Random.Group.Allocation.csv,175,2,2
959,perm_961_Summary.of.stats_Random.Group.Allocation.csv,175,15,13
960,perm_962_Summary.of.stats_Random.Group.Allocation.csv,175,5,5
961,perm_963_Summary.of.stats_Random.Group.Allocation.csv,175,2,2
962,perm_964_Summary.of.stats_Random.Group.Allocation.csv,175,1,1
963,perm_965_Summary.of.stats_Random.Group.Allocation.csv,175,0,0
964,perm_966_Summary.of.stats_Random.Group.Allocation.csv,175,7,7
965,perm_967_Summary.of.stats_Random.Group.Allocation.csv,175,0,0
966,perm_968_Summary.of.stats_Random.Group.Allocation.csv,175,8,7
967,perm_969_Summary.of.stats_Random.Group.Allocation.csv,175,21,19
968,perm_97_Summary.of.stats_Random.Group.Allocation.csv,175,13,12
969,perm_970_Summary.of.stats_Random.Group.Allocation.csv,175,1,1
970,perm_971_Summary.of.stats_Random.Group.Allocation.csv,175,10,9
971,perm_972_Summary.of.stats_Random.Group.Allocation.csv,175,13,12
972,perm_973_Summary.of.stats_Random.Group.Allocation.csv,175,3,3
973,perm_974_Summary.of.stats_Random.Group.Allocation.csv,175,17,13
974,perm_975_Summary.of.stats_Random.Group.Allocation.csv,175,9,9
975,perm_976_Summary.of.stats_Random.Group.Allocation.csv,175,0,0
976,perm_977_Summary.of.stats_Random.Group.Allocation.csv,175,8,6
977,perm_978_Summary.of.stats_Random.Group.Allocation.csv,175,1,1
978,perm_979_Summary.of.stats_Random.Group.Allocation.csv,175,3,3
979,perm_98_Summary.of.stats_Random.Group.Allocation.csv,175,4,4
980,perm_980_Summary.of.stats_Random.Group.Allocation.csv,175,14,12
981,perm_981_Summary.of.stats_Random.Group.Allocation.csv,175,1,1
982,perm_982_Summary.of.stats_Random.Group.Allocation.csv,175,9,9
983,perm_983_Summary.of.stats_Random.Group.Allocation.csv,175,4,4
984,perm_984_Summary.of.stats_Random.Group.Allocation.csv,175,26,23
985,perm_985_Summary.of.stats_Random.Group.Allocation.csv,175,6,6
986,perm_986_Summary.of.stats_Random.Group.Allocation.csv,175,4,4
987,perm_987_Summary.of.stats_Random.Group.Allocation.csv,175,5,5
988,perm_988_Summary.of.stats_Random.Group.Allocation.csv,175,15,13
989,perm_989_Summary.of.stats_Random.Group.Allocation.csv,175,5,5
990,perm_99_Summary.of.stats_Random.Group.Allocation.csv,175,8,8
991,perm_990_Summary.of.stats_Random.Group.Allocation.csv,175,0,0
992,perm_991_Summary.of.stats_Random.Group.Allocation.csv,175,0,0
993,perm_992_Summary.of.stats_Random.Group.Allocation.csv,175,1,1
994,perm_993_Summary.of.stats_Random.Group.Allocation.csv,175,3,3
995,perm_994_Summary.of.stats_Random.Group.Allocation.csv,175,2,2
996,perm_995_Summary.of.stats_Random.Group.Allocation.csv,175,12,9
997,perm_996_Summary.of.stats_Random.Group.Allocation.csv,175,0,0
998,perm_997_Summary.of.stats_Random.Group.Allocation.csv,175,0,0
999,perm_998_Summary.of.stats_Random.Group.Allocation.csv,175,6,6
1000,perm_999_Summary.of.stats_Random.Group.Allocation.csv,175,10,8