"","GLIPH2.cluster","Number.of.GLIPH2.TCRs","Number.of.overlap","over.TCRdist.cluster"
"1","SVAL","50",12,"CASSVALLGQPQHF,CASSVALLGGTQYF,CASSVALLGETQYF,CASSVALFGETQYF_CASSVDILGNTIYF,CASSVALTGNTIYF,CASSVALLGNTIYF,CASSVALFGNTIYF,CASSVALAGNTIYF_CASSVNLFGNTIYF,CASSVALTGNTIYF,CASSVALLGNTIYF,CASSVALFGNTIYF,CASSVALAGNTIYF,CASSAALYGNTIYF_CASSVALTGNTIYF,CASSVALLGNTIYF,CASSVALFGNTIYF,CASSVALAGNTIYF_CASSVALMGGELFF,CASSVALLGGTQYF,CASSVALLGGEQYF,CASSVALLGAEQYF,CASSAALIGGEQFF_CASSVALLGQPQHF,CASSVALLGETQYF,CASSVALLAQPQFF"
"2","SLG%WET","7",3,"CASSLGVWETQYF,CASSLGQWETQYF,CASSLGLWETQYF"
"3","VALL","11",7,"CASSVALLGQPQHF,CASSVALLGGTQYF,CASSVALLGETQYF,CASSVALFGETQYF_CASSVALMGGELFF,CASSVALLGGTQYF,CASSVALLGGEQYF,CASSVALLGAEQYF,CASSAALIGGEQFF_CASSVALLGQPQHF,CASSVALLGETQYF,CASSVALLAQPQFF_CASSVDILGNTIYF,CASSVALTGNTIYF,CASSVALLGNTIYF,CASSVALFGNTIYF,CASSVALAGNTIYF_CASSVNLFGNTIYF,CASSVALTGNTIYF,CASSVALLGNTIYF,CASSVALFGNTIYF,CASSVALAGNTIYF,CASSAALYGNTIYF_CASSVALTGNTIYF,CASSVALLGNTIYF,CASSVALFGNTIYF,CASSVALAGNTIYF"
"4","S%LAAGQET","6",0,""
"5","R%SGGEAKNI","4",4,"CSARTSGGEAKNIQYF,CSARSSGGEAKNIQYF,CSARLSGGEAKNIQYF,CSARASGGEAKNIQYF_CSARTSGGEAKNIQYF,CSARSSGGEAKNIQYF,CSARLSGGESKNIQYF,CSARLSGGEAKNIQYF,CSARLPGGEAKNIQYF,CSARASGGEAKNIQYF_CSARKGGGEAKNIQYF,CSARASGGEAKNIQYF,CSARAGGGEAKNIQYF"
"6","SVAL%GNT","4",4,"CASSVDILGNTIYF,CASSVALTGNTIYF,CASSVALLGNTIYF,CASSVALFGNTIYF,CASSVALAGNTIYF_CASSVNLFGNTIYF,CASSVALTGNTIYF,CASSVALLGNTIYF,CASSVALFGNTIYF,CASSVALAGNTIYF,CASSAALYGNTIYF_CASSVALTGNTIYF,CASSVALLGNTIYF,CASSVALFGNTIYF,CASSVALAGNTIYF"
"7","SRDKG%NQP","4",0,""
"8","R%TGPNE","3",3,"CSARWTGPNEQFF,CSARRVGPNEQFF,CSARRTGPNEQYF,CSARRTGPNEQFF_CSARWTGPNEQFF,CSARRTGPNEQYF,CSARRTGPNEQFF_CSARSVGPNEQFF,CSARRVGPNEQFF,CSARRTGPNEQYF,CSARRTGPNEQFF,CSARQLGPNEQYF,CSARLVGPNEQFF,CSARFVGPNEQFF"
"9","RVLG%NE","3",3,"CSARVVGVNEQFF,CSARVLGVNEQFF,CSARVLGPNEQFF,CSARVLGINEQFF,CSARVIGVNEQFF,CSARVIGINEQYF,CSARILGINEQFF_CSARVPGPNEQFF,CSARVLGVNEQFF,CSARVLGPNEQFF,CSARVLGINEQFF,CSARVIGVNEQFF,CSARVIGINEQYF,CSARQLGPNEQYF,CSARLVGPNEQFF,CSARIMGPNEQFF,CSARILGINEQFF_CSARVPGPNEQFF,CSARVLGPNEQFF,CSARQLGPNEQYF,CSARLVGPNEQFF,CSARIMGPNEQFF,CSARILGINEQFF_CSARVVGVNEQFF,CSARVLGVNEQFF,CSARVLGPNEQFF,CSARVLGINEQFF,CSARVIGVNEQFF,CSARVIGINEQYF,CSARLVGVNEQFF,CSARIMGPNEQFF,CSARILGINEQFF_CSARVVGVNEQFF,CSARVLGVNEQFF,CSARVLGPNEQFF,CSARVLGINEQFF,CSARVIGVNEQFF,CSARVIGINEQYF,CSARLVGVNEQFF,CSARILGINEQFF_CSARVVGVNEQFF,CSARVLGVNEQFF,CSARVLGINEQFF,CSARVIGVNEQFF,CSARVIGINEQYF,CSARLVGVNEQFF,CSARILGINEQFF_CSARVVGVNEQFF,CSARVLGVNEQFF,CSARVIGVNEQFF,CSARVIGINEQYF,CSARLVGVNEQFF,CSARLVGPNEQFF,CSARILGINEQFF"
"10","SVALLG%T","3",3,"CASSVALLGQPQHF,CASSVALLGGTQYF,CASSVALLGETQYF,CASSVALFGETQYF_CASSVALMGGELFF,CASSVALLGGTQYF,CASSVALLGGEQYF,CASSVALLGAEQYF,CASSAALIGGEQFF_CASSVDILGNTIYF,CASSVALTGNTIYF,CASSVALLGNTIYF,CASSVALFGNTIYF,CASSVALAGNTIYF_CASSVNLFGNTIYF,CASSVALTGNTIYF,CASSVALLGNTIYF,CASSVALFGNTIYF,CASSVALAGNTIYF,CASSAALYGNTIYF_CASSVALTGNTIYF,CASSVALLGNTIYF,CASSVALFGNTIYF,CASSVALAGNTIYF_CASSVALLGQPQHF,CASSVALLGETQYF,CASSVALLAQPQFF"
"11","RR%GPNE","3",3,"CSARWTGPNEQFF,CSARRVGPNEQFF,CSARRTGPNEQYF,CSARRTGPNEQFF_CSARSVGPNEQFF,CSARRVGPNEQFF,CSARRTGPNEQYF,CSARRTGPNEQFF,CSARQLGPNEQYF,CSARLVGPNEQFF,CSARFVGPNEQFF_CSARWTGPNEQFF,CSARRTGPNEQYF,CSARRTGPNEQFF"
"12","%PGWGMNTE","3",3,"CSVRPGWGMNTEAFF,CSVRAGWGMNTEAFF,CSVAPGWGMNTEAFF,CSAAPGWGMNTEAFF"
"13","GEAK","8",7,"CSARTSGGEAKNIQYF,CSARSSGGEAKNIQYF,CSARLSGGEAKNIQYF,CSARASGGEAKNIQYF_CSARTSGGEAKNIQYF,CSARSSGGEAKNIQYF,CSARLSGGESKNIQYF,CSARLSGGEAKNIQYF,CSARLPGGEAKNIQYF,CSARASGGEAKNIQYF_CSARKGGGEAKNIQYF,CSARASGGEAKNIQYF,CSARAGGGEAKNIQYF"
"14","GGKG%QP","3",3,"CSVGGKGNQPQHF,CSAGGKGNQPQHF,CSAGGKGGQPQHF"
"15","S%EDRGNTE","3",3,"CAISSEDRGNTEAFF,CAISREDRGSTEAFF,CAISREDRGNTEAFF,CAISGEDRGNTEAFF_CAISSEDRGNTEAFF,CAISREDRGNTEAFF,CAISGEDRGNTEAFF,CAISGDDRGTTEAFF_CAITSDDRGNTEAFF,CAISSEDRGVTEAFF,CAISSEDRGNTEAFF,CAISREDRGNTEAFF,CAISGEDRGNTEAFF"
"16","SP%RSE","3",3,"CASSPGRSEQYF,CASSPGRSEQFF,CASSPDRSEQYF"
"17","SRDN%P","3",0,""
"18","SLQG%GYE","3",0,""
"19","SLG%PNTE","4",0,""
"20","S%RQGAGYG","3",3,"CASSPRQGAGYGYTF,CASSFRQGAGYGYTF,CASSARQGAGYGYTF_CASSPRQGTGYGYTF,CASSPRQGAGYGYTF,CASSFRQGAGYGYTF,CASSARQGAGYGYTF,CASNPRQGAGYGYTF"
"21","ALFG","4",2,"CASSVALLGQPQHF,CASSVALLGGTQYF,CASSVALLGETQYF,CASSVALFGETQYF_CASSVDILGNTIYF,CASSVALTGNTIYF,CASSVALLGNTIYF,CASSVALFGNTIYF,CASSVALAGNTIYF_CASSVNLFGNTIYF,CASSVALTGNTIYF,CASSVALLGNTIYF,CASSVALFGNTIYF,CASSVALAGNTIYF,CASSAALYGNTIYF_CASSVALTGNTIYF,CASSVALLGNTIYF,CASSVALFGNTIYF,CASSVALAGNTIYF"
"22","SS%RGTE","3",0,""
"23","ST%NTE","3",0,""
"24","R%GDYG","3",0,""
"25","","",0,"CSARPPGSTEAFF,CSARPPGNTEAFF,CSARPDGNTEAFF"
"26","","",0,"CASSSTTVNTEAFF,CASSSTTANTEAFF,CASSSSTANTEAFF,CASSPTTANTEAFF"
"27","","",0,"CASSLVGVSYEQYF,CASSLVGGSYEQYF,CASSLAGGSYEQYF"
"28","","",0,"CSDRLPGADTQYF,CSDRLPAADTQYF,CSARIGGADTQYF"
"29","","",0,"CASSLVGGSYEQYF,CASSLSGGNYEQYF,CASSLAGNSYEQYF,CASSLAGGSYEQYF"
"30","","",0,"CASTPSPGNYGYTF,CASTISPGNYGYTF,CASSPSPGNYGYTF"
"31","","",0,"CATRRGDGYTF,CASRRTGEGYTF,CASRRTGEGAFF,CASRRGDGYTF"
"32","","",0,"CASSQQGTGELFF,CASSQLAGTGELFF,CASSQATGELFF,CASSQAGTGELFF,CASSHAGTGELFF"
"33","","",0,"CASSLGQSYEQYF,CASSLGQPYEQYF,CASSLGQNYEQYF"
"34","","",0,"CASSLGQSYEQYF,CASSLGQPYEQYF,CASSLGQNYEQYF,CASSLGLNYEQYF"
"35","","",0,"CASSEAGVVTNEKLFF,CASSEAGVTTNEKLFF,CASSEAGVATNEKLFF,CASSEAGRTTNEKLFF,CASSEAGITTNEKLFF,CASSEAGATTNEKLFF"
"36","","",0,"CASSEAGVTTNEKLFF,CASSEAGRTTNEKLFF,CASSEAGITTNEKLFF,CASSEAGATTNEKLFF"
"37","","",0,"CATTGEINTGELFF,CASTGEVNTGELFF,CAMVGEVNTGELFF,CAISGEVNTGELFF"
"38","","",0,"CASSLSGVNEKLFF,CASSLSGVEKLFF,CASSLSGLEKLFF"
"39","","",0,"CSASRGNQPQHF,CSASRGDQPQHF,CGASSGDQPQHF"
"40","","",0,"CASSESGRTTNEKLFF,CASSEAGVTTNEKLFF,CASSEAGRTTNEKLFF,CASSEAGITTNEKLFF,CASSEAGATTNEKLFF"
"41","","",0,"CASSSPRGTDTQYF,CASSSPRDTDTQYF,CASSDPRETDTQYF"
"42","","",0,"CSARTTYEQYF,CSARTGTYEQYF,CSARTGIYEQYF"
"43","","",0,"CASSLSGVEKLFF,CASSLSGLETIYF,CASSLSGLEKLFF"
"44","","",0,"CASSEVGDNSPLHF,CASSEAGDNSPLHF,CASSAAGDNSPLHF"
"45","","",0,"CASSELEVDTQYF,CASSELEDTQYF,CASSELEADTQYF,CASSELDTDTQYF,CASSELDADTQYF"
"46","","",0,"CSVDLTDTQYF,CSVDLADTQYF,CSARITDTQYF"
